area_id,h3_index,city,province,district,subdistrict,centroid_latitude,centroid_longitude,customer_count,active_customer_count,inactive_customer_count,active_customer_ratio,inactive_customer_ratio,avg_transaction_frequency,avg_recency_days,avg_customer_value,loyal_customer_ratio,churn_risk_customer_ratio,distance_to_nearest_branch_km,avg_distance_customer_to_branch_km,estimated_travel_time_min,road_access_score,population_count,population_density,household_count,productive_age_ratio,avg_income_index,economic_activity_index,customer_penetration_ratio,poi_count,education_poi_count,health_poi_count,commercial_poi_count,transport_poi_count,public_service_poi_count,facility_attractiveness_score,competitor_count,distance_to_nearest_competitor_km,competitor_density,competition_pressure_index,avg_daily_mobility,peak_hour_index,traffic_intensity_index,mobility_density,customer_density_score,retention_risk_score,market_share_defense_score,new_customer_potential_score,accessibility_score,competition_pressure_score,strategic_location_score,recommendation_category,actual_performance_label,actual_transaction_growth,actual_customer_growth,high_potential_flag,data_year,data_source_combination,recommendation_category_original,primary_business_objective
AREA_JKT_001,H3_JKT_001,Jakarta,DKI Jakarta,Cilandak,Lebak Bulus,-6.280494,106.798506,30,16,8,0.5333,0.2667,1.91,149.53,13764921.0,0.1667,0.4667,0.44,0.64,7.7,45.51,37144,22310.6,9661,0.723,48.91,64.83,0.00081,7,2,0,3,1,0,62.65,3,0.27,1.2,99.17,23697,46.33,46.93,0.368,35.75,44.49,63.37,59.19,62.72,99.17,55.03,Sangat Strategis,Low,-5.15,-0.44,1,2026,Internal dummy + BPS-like + OSM/POI proxy + mobility proxy,Cukup Potensial,Market share protection
AREA_JKT_002,H3_JKT_002,Jakarta,DKI Jakarta,Pasar Minggu,Ragunan,-6.283044,106.854733,25,13,5,0.52,0.2,2.35,135.64,12641521.0,0.28,0.48,2.8,2.91,13.3,91.38,38463,21773.95,11070,0.605,88.07,60.82,0.00065,6,1,0,3,0,1,43.1,1,0.57,0.4,57.91,26997,75.19,83.43,0.406,33.89,46.56,46.64,53.42,74.77,57.91,50.66,Cukup Potensial,Low,-6.53,-2.51,0,2026,Internal dummy + BPS-like + OSM/POI proxy + mobility proxy,Cukup Potensial,New customer acquisition
AREA_JKT_003,H3_JKT_003,Jakarta,DKI Jakarta,Cilandak,Cilandak Barat,-6.278462,106.795032,42,28,6,0.6667,0.1429,3.01,116.98,12803871.0,0.2381,0.3333,0.05,0.64,4.2,83.17,47213,23611.67,12488,0.718,70.98,78.11,0.00089,3,0,1,0,0,1,23.69,2,0.09,0.8,79.92,28931,48.99,48.97,0.377,50.14,24.53,64.76,54.66,81.66,79.92,56.52,Sangat Strategis,Low,-2.03,-3.66,1,2026,Internal dummy + BPS-like + OSM/POI proxy + mobility proxy,Cukup Potensial,Market share protection
AREA_JKT_004,H3_JKT_004,Jakarta,DKI Jakarta,Kembangan,Meruya Utara,-6.211778,106.741564,26,20,0,0.7692,0.0,3.52,75.5,15023036.0,0.3077,0.2308,8.09,7.99,24.6,58.54,52260,16973.79,13619,0.692,75.76,48.36,0.0005,2,1,0,0,0,1,12.52,0,6.94,0.0,11.35,80343,68.11,51.2,0.731,42.66,21.48,37.61,45.27,44.4,11.35,37.67,Kurang Potensial,Low,-8.22,-8,0,2026,Internal dummy + BPS-like + OSM/POI proxy + mobility proxy,Kurang Potensial,New customer acquisition
AREA_JKT_005,H3_JKT_005,Jakarta,DKI Jakarta,Menteng,Menteng,-6.20422,106.811835,50,30,6,0.6,0.12,2.75,103.56,16012992.0,0.3,0.4,0.88,0.95,11.6,86.05,43010,23505.24,10791,0.644,47.98,87.92,0.00116,4,1,0,1,0,0,30.49,2,0.45,0.8,78.42,70827,69.96,88.08,0.69,55.34,27.16,65.04,69.38,76.19,78.42,60.36,Sangat Strategis,Medium,-2.97,-2.96,1,2026,Internal dummy + BPS-like + OSM/POI proxy + mobility proxy,Cukup Potensial,New customer acquisition
AREA_JKT_006,H3_JKT_006,Jakarta,DKI Jakarta,Kelapa Gading,Kelapa Gading Timur,-6.158843,106.913992,48,32,3,0.6667,0.0625,2.57,106.04,16906997.0,0.3958,0.3333,3.67,3.71,14.1,45.14,63322,15678.38,16917,0.724,62.97,55.31,0.00076,4,0,1,0,0,0,28.5,0,1.39,0.0,34.49,118667,47.36,41.58,0.949,57.77,27.82,50.7,56.96,52.21,34.49,49.42,Cukup Potensial,Low,-7.39,-4.5,0,2026,Internal dummy + BPS-like + OSM/POI proxy + mobility proxy,Kurang Potensial,New customer acquisition
AREA_JKT_007,H3_JKT_007,Jakarta,DKI Jakarta,Pasar Minggu,Jati Padang,-6.295723,106.832265,65,38,11,0.5846,0.1692,2.09,130.83,15031805.0,0.2769,0.4154,0.7,0.92,7.6,69.24,58674,19407.6,14076,0.718,45.52,78.87,0.00111,3,2,0,0,0,0,28.36,1,1.46,0.4,54.2,94426,77.05,41.69,0.759,65.61,35.29,59.84,62.68,71.93,54.2,59.58,Sangat Strategis,Medium,3.04,-0.88,1,2026,Internal dummy + BPS-like + OSM/POI proxy + mobility proxy,Cukup Potensial,New customer acquisition
AREA_JKT_008,H3_JKT_008,Jakarta,DKI Jakarta,Duren Sawit,Klender,-6.209801,106.910392,40,27,6,0.675,0.15,2.56,110.65,15097885.0,0.175,0.325,1.71,1.84,7.3,56.12,45261,25606.43,11492,0.661,49.79,74.39,0.00088,1,0,0,0,0,0,19.06,1,1.08,0.4,55.79,78688,63.7,44.69,0.855,47.63,25.26,54.7,70.13,64.94,55.79,53.62,Strategis,Medium,-3.12,-0.8,1,2026,Internal dummy + BPS-like + OSM/POI proxy + mobility proxy,Cukup Potensial,New customer acquisition
AREA_JKT_009,H3_JKT_009,Jakarta,DKI Jakarta,Kebayoran Baru,Gandaria Utara,-6.254297,106.790906,58,39,4,0.6724,0.069,3.11,89.19,14479825.0,0.2241,0.3276,1.96,1.95,10.9,75.62,51788,24302.11,12899,0.629,47.61,86.27,0.00112,4,0,0,1,1,0,27.6,0,2.65,0.0,29.24,71508,48.46,80.64,0.918,61.97,19.6,50.59,76.67,71.82,29.24,56.41,Sangat Strategis,Low,-2.11,-7.7,1,2026,Internal dummy + BPS-like + OSM/POI proxy + mobility proxy,Cukup Potensial,New customer acquisition
AREA_JKT_010,H3_JKT_010,Jakarta,DKI Jakarta,Kelapa Gading,Kelapa Gading Barat,-6.173616,106.880478,47,28,8,0.5957,0.1702,2.24,134.23,15888056.0,0.3191,0.4043,0.38,0.65,5.4,62.32,45370,19387.43,12043,0.734,86.8,80.5,0.00104,4,0,1,0,2,0,27.31,0,2.68,0.0,29.11,86135,78.58,57.41,0.764,53.36,34.58,45.39,63.68,73.32,29.11,53.37,Strategis,Low,-3.46,4.91,1,2026,Internal dummy + BPS-like + OSM/POI proxy + mobility proxy,Cukup Potensial,New customer acquisition
AREA_JKT_011,H3_JKT_011,Jakarta,DKI Jakarta,Duren Sawit,Duren Sawit,-6.222796,106.9159,28,22,2,0.7857,0.0714,3.06,77.25,15736688.0,0.3214,0.2143,0.33,0.62,7.7,91.02,29378,20236.32,8761,0.615,48.19,74.66,0.00095,3,0,0,2,1,0,32.21,0,0.51,0.0,38.16,43842,48.54,49.28,0.487,44.92,4.82,49.08,54.98,83.34,38.16,47.66,Cukup Potensial,Low,-4.03,-7.24,0,2026,Internal dummy + BPS-like + OSM/POI proxy + mobility proxy,Kurang Potensial,New customer acquisition
AREA_JKT_012,H3_JKT_012,Jakarta,DKI Jakarta,Menteng,Cikini,-6.213656,106.828306,56,41,8,0.7321,0.1429,2.51,96.34,16578620.0,0.375,0.2679,1.28,1.47,14.9,94.0,58976,15401.96,16290,0.645,49.24,75.97,0.00095,2,0,1,0,0,0,15.02,0,1.01,0.0,36.08,74864,47.71,74.21,0.563,65.28,16.47,55.77,47.28,76.71,36.08,52.28,Strategis,Low,-3.85,-0.66,1,2026,Internal dummy + BPS-like + OSM/POI proxy + mobility proxy,Cukup Potensial,Market share protection
AREA_JKT_013,H3_JKT_013,Jakarta,DKI Jakarta,Kebayoran Baru,Gandaria Utara,-6.251943,106.805275,37,25,4,0.6757,0.1081,2.43,101.35,14272169.0,0.1622,0.3243,0.72,0.98,11.5,54.84,44295,14682.26,12004,0.602,53.26,66.74,0.00084,6,1,0,1,2,0,51.08,0,2.25,0.0,30.91,64775,87.8,40.87,0.875,45.16,20.49,44.23,64.3,64.83,30.91,47.89,Cukup Potensial,Low,-3.95,-4.8,0,2026,Internal dummy + BPS-like + OSM/POI proxy + mobility proxy,Kurang Potensial,New customer acquisition
AREA_JKT_014,H3_JKT_014,Jakarta,DKI Jakarta,Kebayoran Baru,Gandaria Utara,-6.216109,106.793694,17,11,3,0.6471,0.1765,2.26,114.06,13325184.0,0.2353,0.3529,2.69,2.74,13.8,47.57,38899,17689.8,10717,0.718,85.61,52.74,0.00044,2,0,0,0,1,0,20.05,0,1.74,0.0,33.03,30809,84.26,52.11,0.351,30.84,30.72,38.45,37.9,56.02,33.03,38.13,Kurang Potensial,Low,-7.04,-3.01,0,2026,Internal dummy + BPS-like + OSM/POI proxy + mobility proxy,Kurang Potensial,Market share protection
AREA_JKT_015,H3_JKT_015,Jakarta,DKI Jakarta,Duren Sawit,Pondok Kelapa,-6.22333,106.91832,62,41,5,0.6613,0.0806,3.07,101.19,15530003.0,0.2903,0.3387,0.54,0.75,11.0,83.24,63533,12853.41,18442,0.588,66.46,88.21,0.00098,6,1,2,1,1,0,43.61,1,0.59,0.4,57.83,62451,87.57,39.11,0.669,65.94,20.67,62.9,61.25,77.03,57.83,58.6,Sangat Strategis,Low,0.06,-3.06,1,2026,Internal dummy + BPS-like + OSM/POI proxy + mobility proxy,Cukup Potensial,Market share protection
AREA_JKT_016,H3_JKT_016,Jakarta,DKI Jakarta,Menteng,Cikini,-6.218531,106.849258,38,26,7,0.6842,0.1842,1.89,122.42,15961994.0,0.2632,0.3158,3.66,3.59,13.6,76.32,44135,20104.87,14039,0.593,74.58,71.57,0.00086,4,1,0,2,0,1,34.28,0,3.39,0.0,26.15,45206,60.71,50.94,0.54,48.18,31.72,43.86,56.49,66.64,26.15,48.63,Cukup Potensial,Low,-7.02,4.17,0,2026,Internal dummy + BPS-like + OSM/POI proxy + mobility proxy,Kurang Potensial,New customer acquisition
AREA_JKT_017,H3_JKT_017,Jakarta,DKI Jakarta,Kembangan,Meruya Utara,-6.216611,106.742329,15,9,1,0.6,0.0667,1.44,104.67,15520812.0,0.2667,0.4,7.78,8.02,31.9,64.5,28610,18416.0,6814,0.739,48.3,55.02,0.00052,6,2,0,1,0,0,48.14,0,6.94,0.0,11.35,45467,88.96,57.17,0.509,28.56,42.74,28.31,52.77,41.89,11.35,37.52,Kurang Potensial,Low,-10,-6.23,0,2026,Internal dummy + BPS-like + OSM/POI proxy + mobility proxy,Kurang Potensial,New customer acquisition
AREA_JKT_018,H3_JKT_018,Jakarta,DKI Jakarta,Kembangan,Joglo,-6.217067,106.712124,64,45,8,0.7031,0.125,2.36,95.25,12890395.0,0.2812,0.2969,10.89,10.88,33.9,86.56,62664,12109.52,15670,0.628,74.85,89.13,0.00102,9,1,2,1,3,1,68.14,0,9.66,0.0,0.0,36096,72.66,51.34,0.431,68.51,39.74,42.84,59.77,49.81,0.0,50.76,Strategis,Low,-2.48,-1.0,1,2026,Internal dummy + BPS-like + OSM/POI proxy + mobility proxy,Cukup Potensial,New customer acquisition
AREA_JKT_019,H3_JKT_019,Jakarta,DKI Jakarta,Cengkareng,Duri Kosambi,-6.142108,106.751301,46,28,8,0.6087,0.1739,1.68,115.61,16730102.0,0.2391,0.3913,10.5,10.57,40.5,49.26,61122,18839.45,14922,0.715,49.15,64.91,0.00075,2,2,0,0,0,0,22.4,1,1.17,0.4,55.41,48322,76.86,50.72,0.516,51.4,51.97,54.82,48.59,24.87,55.41,47.18,Cukup Potensial,Low,-2.44,-0.1,0,2026,Internal dummy + BPS-like + OSM/POI proxy + mobility proxy,Kurang Potensial,Market share protection
AREA_JKT_020,H3_JKT_020,Jakarta,DKI Jakarta,Pasar Minggu,Jati Padang,-6.291423,106.836817,20,14,1,0.7,0.05,1.74,79.7,11295215.0,0.5,0.3,1.0,1.17,9.8,47.41,37768,19638.26,9399,0.673,51.66,50.99,0.00053,4,1,0,1,1,0,32.58,0,1.12,0.0,35.62,60971,88.04,88.94,0.535,39.96,13.16,44.32,48.71,61.23,35.62,41.78,Kurang Potensial,Low,-7.31,-8,0,2026,Internal dummy + BPS-like + OSM/POI proxy + mobility proxy,Kurang Potensial,New customer acquisition
AREA_JKT_021,H3_JKT_021,Jakarta,DKI Jakarta,Menteng,Cikini,-6.20059,106.823281,34,20,4,0.5882,0.1176,1.84,117.82,16069263.0,0.1765,0.4118,1.24,1.33,12.6,66.73,54632,25633.72,13921,0.728,55.65,52.64,0.00062,2,0,1,1,0,0,16.09,3,0.63,1.2,97.66,73103,53.97,90.47,0.83,40.58,32.19,65.92,60.92,66.26,97.66,55.49,Sangat Strategis,Low,-3.75,-0.23,1,2026,Internal dummy + BPS-like + OSM/POI proxy + mobility proxy,Cukup Potensial,Market share protection
AREA_JKT_022,H3_JKT_022,Jakarta,DKI Jakarta,Pasar Minggu,Ragunan,-6.278272,106.816306,39,23,5,0.5897,0.1282,2.61,115.23,12820477.0,0.3333,0.4103,2.37,2.37,13.4,59.46,45485,14228.77,11748,0.641,46.74,67.12,0.00086,6,3,0,1,1,0,53.27,0,1.25,0.0,35.08,59738,86.03,87.28,0.47,47.49,34.01,45.07,50.89,62.09,35.08,47.51,Cukup Potensial,Low,-1.99,0.79,0,2026,Internal dummy + BPS-like + OSM/POI proxy + mobility proxy,Kurang Potensial,New customer acquisition
AREA_JKT_023,H3_JKT_023,Jakarta,DKI Jakarta,Menteng,Menteng,-6.202791,106.838776,32,21,4,0.6562,0.125,1.99,114.5,11546300.0,0.1875,0.3438,2.51,2.62,14.7,56.03,46292,16916.05,12646,0.689,82.96,60.56,0.00069,3,0,0,1,1,0,27.25,0,2.25,0.0,30.91,45459,74.03,94.01,0.367,41.35,29.05,42.24,41.3,59.37,30.91,42.07,Kurang Potensial,Low,-7.27,-8,0,2026,Internal dummy + BPS-like + OSM/POI proxy + mobility proxy,Kurang Potensial,Market share protection
AREA_JKT_024,H3_JKT_024,Jakarta,DKI Jakarta,Pasar Minggu,Pejaten Timur,-6.297927,106.856388,50,38,5,0.76,0.1,2.88,89.54,13917017.0,0.3,0.24,2.22,2.27,12.8,50.36,61516,13619.04,15042,0.61,47.0,65.49,0.00081,4,1,0,0,2,0,29.78,0,1.21,0.0,35.25,114155,92.01,79.22,0.662,60.14,13.87,53.85,49.3,59.86,35.25,47.93,Cukup Potensial,Low,-2.59,-6.17,0,2026,Internal dummy + BPS-like + OSM/POI proxy + mobility proxy,Kurang Potensial,Market share protection
AREA_JKT_025,H3_JKT_025,Jakarta,DKI Jakarta,Pasar Minggu,Pejaten Timur,-6.269957,106.846546,40,31,4,0.775,0.1,2.63,81.5,15219298.0,0.325,0.225,3.57,3.74,16.0,47.08,48572,21287.42,15004,0.724,67.82,76.34,0.00082,6,1,0,2,0,0,41.21,1,0.16,0.4,59.62,67571,54.59,74.9,0.546,53.63,14.19,60.68,62.44,51.76,59.62,50.51,Cukup Potensial,Low,-1.94,6.92,0,2026,Internal dummy + BPS-like + OSM/POI proxy + mobility proxy,Cukup Potensial,New customer acquisition
AREA_JKT_026,H3_JKT_026,Jakarta,DKI Jakarta,Kelapa Gading,Kelapa Gading Timur,-6.165595,106.89826,15,10,0,0.6667,0.0,2.51,84.07,12968302.0,0.0667,0.3333,1.78,1.85,8.0,77.07,28026,16254.25,8413,0.706,72.3,60.15,0.00054,4,1,0,0,1,1,35.42,1,0.54,0.4,58.04,42878,84.69,92.59,0.615,26.56,17.63,46.54,52.05,74.93,58.04,44.13,Kurang Potensial,Low,-4.86,-8,0,2026,Internal dummy + BPS-like + OSM/POI proxy + mobility proxy,Kurang Potensial,New customer acquisition
AREA_JKT_027,H3_JKT_027,Jakarta,DKI Jakarta,Cilandak,Cilandak Barat,-6.293733,106.814322,44,29,9,0.6591,0.2045,2.62,122.8,16160976.0,0.2727,0.3409,2.56,2.37,11.0,92.79,49966,13307.42,12048,0.618,58.97,82.91,0.00088,3,0,2,0,0,0,23.83,1,0.52,0.4,58.12,37727,75.56,81.11,0.438,52.09,31.33,57.15,46.64,77.49,58.12,53.1,Strategis,Low,-5.9,-6.28,1,2026,Internal dummy + BPS-like + OSM/POI proxy + mobility proxy,Cukup Potensial,Market share protection
AREA_JKT_028,H3_JKT_028,Jakarta,DKI Jakarta,Menteng,Gondangdia,-6.197334,106.821421,40,29,3,0.725,0.075,3.44,88.88,17994520.0,0.375,0.275,1.48,1.59,5.9,66.95,43989,14066.0,11406,0.723,83.72,86.62,0.00091,4,0,0,1,3,0,41.45,0,0.76,0.0,37.12,68454,79.8,62.87,0.817,53.13,14.59,50.92,66.79,74.78,37.12,52.45,Strategis,Low,-2.44,-8,1,2026,Internal dummy + BPS-like + OSM/POI proxy + mobility proxy,Cukup Potensial,New customer acquisition
AREA_JKT_029,H3_JKT_029,Jakarta,DKI Jakarta,Cilandak,Cilandak Barat,-6.310775,106.802829,58,41,6,0.7069,0.1034,2.1,93.34,13278506.0,0.1897,0.2931,3.66,3.59,13.1,80.86,62808,25830.49,16726,0.732,85.11,73.79,0.00092,5,0,0,3,0,1,42.24,0,2.69,0.0,29.07,117367,72.39,88.83,0.782,62.31,22.05,51.35,74.27,69.07,29.07,56.01,Sangat Strategis,Medium,-4.92,4.18,1,2026,Internal dummy + BPS-like + OSM/POI proxy + mobility proxy,Cukup Potensial,New customer acquisition
AREA_JKT_030,H3_JKT_030,Jakarta,DKI Jakarta,Duren Sawit,Klender,-6.248055,106.916182,34,20,2,0.5882,0.0588,3.37,101.88,14101272.0,0.1765,0.4118,2.6,2.67,13.5,69.97,46173,22721.39,12569,0.68,57.36,48.64,0.00074,6,1,1,2,1,0,53.04,0,3.32,0.0,26.44,41251,72.01,43.3,0.521,40.58,30.73,38.85,55.53,66.45,26.44,45.67,Kurang Potensial,Low,-9.23,-7.8,0,2026,Internal dummy + BPS-like + OSM/POI proxy + mobility proxy,Kurang Potensial,New customer acquisition
AREA_BDG_001,H3_BDG_001,Bandung,Jawa Barat,Ujungberung,Pasanggrahan,-6.909225,107.703822,34,24,3,0.7059,0.0882,2.69,100.82,11503396.0,0.2647,0.2941,2.6,2.62,13.4,56.67,31356,11639.7,8679,0.59,82.48,63.31,0.00108,4,0,2,1,0,0,30.85,0,0.69,0.0,37.41,67500,89.03,69.54,0.812,45.87,21.4,47.6,49.55,59.34,37.41,44.94,Kurang Potensial,Low,-3.62,-6.82,0,2026,Internal dummy + BPS-like + OSM/POI proxy + mobility proxy,Kurang Potensial,New customer acquisition
AREA_BDG_002,H3_BDG_002,Bandung,Jawa Barat,Buahbatu,Margasari,-6.948588,107.653379,33,24,3,0.7273,0.0909,2.74,90.55,17749933.0,0.3333,0.2727,3.61,3.79,16.6,86.21,35636,16222.67,9629,0.677,54.92,55.31,0.00093,1,0,0,0,1,0,11.05,1,0.86,0.4,56.7,28906,78.96,59.26,0.612,47.14,20.05,55.89,40.05,70.05,56.7,47.19,Cukup Potensial,Low,-2.05,-6.55,0,2026,Internal dummy + BPS-like + OSM/POI proxy + mobility proxy,Kurang Potensial,Market share protection
AREA_BDG_003,H3_BDG_003,Bandung,Jawa Barat,Cicendo,Husein,-6.875495,107.572669,23,16,4,0.6957,0.1739,2.4,133.87,18735228.0,0.1304,0.3043,3.65,3.59,15.0,66.34,18883,17976.22,5034,0.686,48.78,65.14,0.00122,0,0,0,0,0,0,10.46,0,3.57,0.0,25.4,25182,61.37,62.28,0.87,34.67,33.26,38.13,52.83,61.09,25.4,43.09,Kurang Potensial,Low,-4.63,-0.49,0,2026,Internal dummy + BPS-like + OSM/POI proxy + mobility proxy,Kurang Potensial,New customer acquisition
AREA_BDG_004,H3_BDG_004,Bandung,Jawa Barat,Cicendo,Pajajaran,-6.910209,107.618029,34,25,3,0.7353,0.0882,2.61,90.09,14986818.0,0.2941,0.2647,2.19,2.1,15.1,64.2,26266,17184.02,7261,0.7,47.34,89.74,0.00129,5,2,3,0,0,0,35.62,2,0.36,0.8,78.79,22235,47.01,36.86,0.485,47.34,15.41,64.53,56.45,61.96,78.79,51.39,Strategis,Low,-10,-3.89,1,2026,Internal dummy + BPS-like + OSM/POI proxy + mobility proxy,Cukup Potensial,Market share protection
AREA_BDG_005,H3_BDG_005,Bandung,Jawa Barat,Gedebage,Cisaranten Kidul,-6.945156,107.696881,39,24,7,0.6154,0.1795,2.4,125.13,10047123.0,0.2308,0.3846,1.81,1.91,8.2,52.49,33517,15364.05,9009,0.615,76.48,81.04,0.00116,3,0,0,0,1,0,28.87,0,1.79,0.0,32.83,37951,50.73,84.16,0.451,46.21,33.94,44.19,48.33,63.68,32.83,46.65,Cukup Potensial,Low,-3.59,-5.98,0,2026,Internal dummy + BPS-like + OSM/POI proxy + mobility proxy,Kurang Potensial,New customer acquisition
AREA_BDG_006,H3_BDG_006,Bandung,Jawa Barat,Coblong,Sekeloa,-6.911288,107.597908,44,29,7,0.6591,0.1591,3.65,128.25,16690151.0,0.2273,0.3409,0.21,0.56,4.0,83.54,40195,17988.29,11442,0.731,53.92,72.83,0.00109,2,0,0,2,0,0,19.48,1,0.7,0.4,57.37,64184,60.08,76.06,0.848,51.18,27.77,56.48,58.92,81.77,57.37,55.6,Sangat Strategis,Low,-6.55,2.49,1,2026,Internal dummy + BPS-like + OSM/POI proxy + mobility proxy,Cukup Potensial,New customer acquisition
AREA_BDG_007,H3_BDG_007,Bandung,Jawa Barat,Gedebage,Rancabolang,-6.931143,107.693875,74,46,12,0.6216,0.1622,2.17,125.0,15058583.0,0.2838,0.3784,0.25,0.67,7.2,85.83,35456,12712.16,10108,0.661,60.36,84.93,0.00209,7,0,2,4,0,0,57.19,1,0.55,0.4,58.0,54043,76.78,84.72,0.843,73.58,30.32,65.38,62.08,80.29,58.0,63.01,Sangat Strategis,Medium,10.02,5.8,1,2026,Internal dummy + BPS-like + OSM/POI proxy + mobility proxy,Cukup Potensial,Market share protection
AREA_BDG_008,H3_BDG_008,Bandung,Jawa Barat,Cicendo,Husein,-6.898476,107.602033,31,22,4,0.7097,0.129,2.44,99.74,15929213.0,0.3226,0.2903,1.29,1.42,10.2,87.3,26850,14775.04,6530,0.704,65.92,83.81,0.00115,6,1,0,1,1,2,43.37,1,0.9,0.4,56.54,33229,91.73,51.74,0.705,44.91,18.72,54.54,61.65,78.49,56.54,52.43,Strategis,Low,-0.84,-0.58,1,2026,Internal dummy + BPS-like + OSM/POI proxy + mobility proxy,Cukup Potensial,New customer acquisition
AREA_BDG_009,H3_BDG_009,Bandung,Jawa Barat,Gedebage,Rancabolang,-6.968072,107.699623,31,20,4,0.6452,0.129,2.02,117.42,17539537.0,0.1613,0.3548,4.36,4.28,16.6,60.13,29023,8315.7,7190,0.609,54.55,82.5,0.00107,2,0,0,0,0,1,20.72,0,2.7,0.0,29.03,47152,58.81,35.61,0.554,39.75,34.44,40.63,42.24,56.14,29.03,41.86,Kurang Potensial,Low,-10,-6.34,0,2026,Internal dummy + BPS-like + OSM/POI proxy + mobility proxy,Kurang Potensial,New customer acquisition
AREA_BDG_010,H3_BDG_010,Bandung,Jawa Barat,Coblong,Sekeloa,-6.886335,107.623238,35,19,10,0.5429,0.2857,1.83,155.2,13336562.0,0.2,0.4571,3.77,3.79,11.2,85.93,42843,10643.56,11822,0.694,65.17,45.81,0.00082,4,2,0,1,0,1,35.6,1,0.15,0.4,59.67,42652,78.2,57.14,0.527,40.44,52.48,50.52,34.52,72.66,59.67,49.32,Cukup Potensial,Low,-4.47,-8,0,2026,Internal dummy + BPS-like + OSM/POI proxy + mobility proxy,Kurang Potensial,Customer retention
AREA_BDG_011,H3_BDG_011,Bandung,Jawa Barat,Buahbatu,Margasari,-6.962728,107.650962,26,17,4,0.6538,0.1538,3.14,108.58,22149013.0,0.1923,0.3462,4.83,4.89,20.2,85.1,29528,15731.4,8689,0.62,50.43,54.05,0.00088,3,1,0,0,0,0,24.67,0,0.76,0.0,37.12,29925,54.26,47.98,0.422,36.89,33.5,42.68,36.93,63.99,37.12,42.02,Kurang Potensial,Low,-7.25,-3.67,0,2026,Internal dummy + BPS-like + OSM/POI proxy + mobility proxy,Kurang Potensial,Market share protection
AREA_BDG_012,H3_BDG_012,Bandung,Jawa Barat,Ujungberung,Pasirwangi,-6.931151,107.686178,33,24,3,0.7273,0.0909,3.44,95.48,15220154.0,0.2727,0.2727,0.56,0.61,8.2,73.84,27273,18785.62,6791,0.627,61.24,59.21,0.00121,4,1,2,1,0,0,43.45,0,0.3,0.0,39.04,27893,47.73,52.53,0.775,45.93,13.92,48.67,57.88,73.72,39.04,48.31,Cukup Potensial,Low,-3.65,3.28,0,2026,Internal dummy + BPS-like + OSM/POI proxy + mobility proxy,Kurang Potensial,New customer acquisition
AREA_BDG_013,H3_BDG_013,Bandung,Jawa Barat,Ujungberung,Cigending,-6.904554,107.686744,40,27,8,0.675,0.2,2.68,126.3,18563166.0,0.2,0.325,2.64,2.63,15.3,88.4,36810,11127.73,10150,0.635,88.45,56.87,0.00109,4,0,0,2,0,0,30.68,1,0.86,0.4,56.7,41822,69.59,69.62,0.867,48.13,31.38,55.26,47.92,72.11,56.7,51.19,Strategis,Low,3.01,-2.47,1,2026,Internal dummy + BPS-like + OSM/POI proxy + mobility proxy,Cukup Potensial,Market share protection
AREA_BDG_014,H3_BDG_014,Bandung,Jawa Barat,Sukajadi,Sukabungah,-6.879863,107.608443,23,18,4,0.7826,0.1739,1.98,107.26,12672149.0,0.2174,0.2174,3.48,3.68,19.9,51.88,20791,18933.1,6436,0.702,72.28,82.16,0.00111,3,0,1,1,0,0,25.96,0,1.02,0.0,36.04,22200,67.14,86.61,0.485,39.02,20.43,45.74,53.65,51.04,36.04,42.37,Kurang Potensial,Low,-6.12,-5.53,0,2026,Internal dummy + BPS-like + OSM/POI proxy + mobility proxy,Kurang Potensial,New customer acquisition
AREA_BDG_015,H3_BDG_015,Bandung,Jawa Barat,Buahbatu,Sekejati,-6.948843,107.640232,23,12,7,0.5217,0.3043,2.76,171.7,15587753.0,0.1739,0.4783,4.91,5.01,18.5,89.93,21251,18423.49,6384,0.614,74.72,52.38,0.00108,2,0,0,1,1,0,17.25,0,0.28,0.0,39.12,11679,67.53,70.63,0.454,30.32,61.01,38.03,36.95,68.57,39.12,45.02,Kurang Potensial,Low,0.71,-3.1,0,2026,Internal dummy + BPS-like + OSM/POI proxy + mobility proxy,Kurang Potensial,Customer retention
AREA_BDG_016,H3_BDG_016,Bandung,Jawa Barat,Sukajadi,Sukabungah,-6.89132,107.605504,21,15,1,0.7143,0.0476,3.18,101.86,13147947.0,0.1905,0.2857,2.17,2.14,9.2,63.13,20332,15561.23,4939,0.706,73.13,76.08,0.00103,5,0,1,1,1,0,40.51,0,0.96,0.0,36.29,38767,77.38,89.5,0.91,34.94,19.26,42.75,66.1,67.23,36.29,46.25,Cukup Potensial,Low,-6.39,-1.21,0,2026,Internal dummy + BPS-like + OSM/POI proxy + mobility proxy,Kurang Potensial,New customer acquisition
AREA_BDG_017,H3_BDG_017,Bandung,Jawa Barat,Coblong,Sekeloa,-6.867191,107.618791,41,26,9,0.6341,0.2195,1.87,142.85,14553309.0,0.0976,0.3659,5.22,5.18,16.1,77.87,42541,17066.64,10342,0.65,66.09,59.29,0.00096,6,0,1,1,1,0,49.6,2,1.05,0.8,75.91,46377,66.89,70.88,0.592,45.6,44.54,60.68,53.25,64.58,75.91,54.57,Strategis,Medium,0.27,-0.46,1,2026,Internal dummy + BPS-like + OSM/POI proxy + mobility proxy,Cukup Potensial,Market share protection
AREA_BDG_018,H3_BDG_018,Bandung,Jawa Barat,Ujungberung,Cigending,-6.917999,107.705186,53,36,6,0.6792,0.1132,2.81,105.85,16168175.0,0.2453,0.3208,1.93,1.94,13.5,47.63,25501,18581.02,6344,0.672,87.79,91.98,0.00208,5,1,2,2,0,0,47.09,0,0.85,0.0,36.75,29791,82.81,63.23,0.753,58.86,23.5,52.27,66.12,56.07,36.75,52.03,Strategis,Low,-7.91,-1.33,1,2026,Internal dummy + BPS-like + OSM/POI proxy + mobility proxy,Cukup Potensial,New customer acquisition
AREA_BDG_019,H3_BDG_019,Bandung,Jawa Barat,Buahbatu,Sekejati,-6.938356,107.65647,53,30,9,0.566,0.1698,2.22,117.92,18010085.0,0.2075,0.434,2.83,2.87,11.0,48.42,44681,13408.98,13961,0.636,60.0,76.5,0.00119,8,3,0,5,0,0,57.22,0,2.03,0.0,31.82,78222,59.41,91.71,0.865,54.71,38.29,46.39,66.08,57.17,31.82,52.36,Strategis,Medium,-3.33,-3.17,1,2026,Internal dummy + BPS-like + OSM/POI proxy + mobility proxy,Cukup Potensial,New customer acquisition
AREA_BDG_020,H3_BDG_020,Bandung,Jawa Barat,Antapani,Antapani Tengah,-6.908984,107.661178,21,16,3,0.7619,0.1429,1.64,116.1,18335961.0,0.3333,0.2381,0.7,0.69,6.4,67.28,28593,9275.14,7239,0.718,82.12,45.05,0.00073,3,2,0,0,1,0,29.5,0,2.4,0.0,30.28,46765,70.92,72.36,0.872,39.22,16.82,43.22,42.92,73.17,30.28,42.49,Kurang Potensial,Low,1.25,-4.17,0,2026,Internal dummy + BPS-like + OSM/POI proxy + mobility proxy,Kurang Potensial,Market share protection
AREA_BDG_021,H3_BDG_021,Bandung,Jawa Barat,Cicendo,Husein,-6.904492,107.58092,30,21,2,0.7,0.0667,3.09,92.6,19493896.0,0.3,0.3,0.3,0.62,5.5,67.29,22293,18204.4,6223,0.692,50.46,90.74,0.00135,4,1,0,2,1,0,35.64,1,0.41,0.4,58.58,25014,72.54,68.14,0.715,43.42,15.11,54.5,65.38,74.39,58.58,51.74,Strategis,Low,-1.73,-5.81,1,2026,Internal dummy + BPS-like + OSM/POI proxy + mobility proxy,Cukup Potensial,New customer acquisition
AREA_BDG_022,H3_BDG_022,Bandung,Jawa Barat,Gedebage,Cisaranten Kidul,-6.940598,107.689055,43,21,13,0.4884,0.3023,2.06,170.79,11187720.0,0.2326,0.5116,1.27,1.19,9.6,86.08,39224,17153.57,10751,0.695,67.9,57.85,0.0011,5,1,2,0,0,1,37.83,0,1.04,0.0,35.95,94644,72.56,58.02,0.851,45.42,54.72,42.51,56.99,77.23,35.95,53.86,Strategis,Low,-0.72,1.44,1,2026,Internal dummy + BPS-like + OSM/POI proxy + mobility proxy,Cukup Potensial,New customer acquisition
AREA_BDG_023,H3_BDG_023,Bandung,Jawa Barat,Antapani,Antapani Kidul,-6.914151,107.6535,30,21,3,0.7,0.1,2.31,102.47,15771224.0,0.3667,0.3,1.62,1.61,13.8,80.93,27052,16499.43,6696,0.634,80.45,57.56,0.00111,3,1,0,1,0,0,20.9,0,3.42,0.0,26.03,26253,74.0,74.6,0.352,44.75,20.12,42.69,34.34,71.23,26.03,41.71,Kurang Potensial,Low,-0.0,-8,0,2026,Internal dummy + BPS-like + OSM/POI proxy + mobility proxy,Kurang Potensial,Market share protection
AREA_BDG_024,H3_BDG_024,Bandung,Jawa Barat,Cicendo,Husein,-6.915719,107.58635,60,44,9,0.7333,0.15,2.45,101.83,13416871.0,0.3333,0.2667,1.09,1.13,9.1,60.85,42997,13977.73,11940,0.631,53.49,77.78,0.0014,3,0,0,2,0,0,29.39,1,0.88,0.4,56.62,56989,47.18,79.68,0.693,67.47,16.96,64.52,51.94,66.49,56.62,54.73,Strategis,Low,5.04,1.17,1,2026,Internal dummy + BPS-like + OSM/POI proxy + mobility proxy,Cukup Potensial,Market share protection
AREA_BDG_025,H3_BDG_025,Bandung,Jawa Barat,Gedebage,Cimincrang,-6.978309,107.720326,39,29,2,0.7436,0.0513,2.72,90.51,13048613.0,0.3333,0.2564,6.25,6.22,22.4,58.05,22984,13448.62,7318,0.66,71.56,85.88,0.0017,3,1,0,2,0,0,22.0,1,0.89,0.4,56.58,42425,67.85,78.35,0.875,52.11,23.68,58.26,56.66,48.28,56.58,49.24,Cukup Potensial,Low,-1.81,-2.03,0,2026,Internal dummy + BPS-like + OSM/POI proxy + mobility proxy,Kurang Potensial,Market share protection
AREA_BDG_026,H3_BDG_026,Bandung,Jawa Barat,Ujungberung,Pasanggrahan,-6.909351,107.696112,49,35,5,0.7143,0.102,2.68,99.57,14968795.0,0.1837,0.2857,2.29,2.19,14.1,57.52,29093,14855.85,8224,0.593,59.79,76.69,0.00168,5,0,0,4,1,0,39.34,1,0.55,0.4,58.0,58699,89.37,64.28,0.67,55.7,19.66,59.72,52.8,60.79,58.0,51.0,Strategis,Low,0.83,2.82,1,2026,Internal dummy + BPS-like + OSM/POI proxy + mobility proxy,Cukup Potensial,Market share protection
AREA_BDG_027,H3_BDG_027,Bandung,Jawa Barat,Antapani,Antapani Tengah,-6.898594,107.667064,41,25,7,0.6098,0.1707,2.15,121.44,14370148.0,0.1951,0.3902,0.66,0.9,10.7,64.98,25454,16214.43,7115,0.596,73.52,86.01,0.00161,2,1,0,1,0,0,24.44,0,1.52,0.0,33.95,42994,47.3,82.77,0.616,46.82,31.11,44.76,52.65,67.69,33.95,48.12,Cukup Potensial,Low,0.11,-6.26,0,2026,Internal dummy + BPS-like + OSM/POI proxy + mobility proxy,Kurang Potensial,New customer acquisition
AREA_BDG_028,H3_BDG_028,Bandung,Jawa Barat,Buahbatu,Margasari,-6.953141,107.645788,36,24,8,0.6667,0.2222,2.07,135.92,15133482.0,0.2222,0.3333,4.59,4.74,22.8,50.33,36544,15499.8,11080,0.608,72.43,62.98,0.00099,2,0,0,1,1,0,16.02,1,0.5,0.4,58.21,62116,56.61,73.27,0.76,45.34,39.39,54.5,48.48,47.87,58.21,47.8,Cukup Potensial,Low,-7.62,-0.75,0,2026,Internal dummy + BPS-like + OSM/POI proxy + mobility proxy,Kurang Potensial,Market share protection
AREA_BDG_029,H3_BDG_029,Bandung,Jawa Barat,Ujungberung,Pasanggrahan,-6.892352,107.69828,36,17,9,0.4722,0.25,1.84,144.33,14537281.0,0.1389,0.5278,4.08,3.93,24.3,77.35,40203,14012.58,12637,0.731,89.44,59.06,0.0009,2,0,0,1,0,0,13.35,1,1.07,0.4,55.83,92456,60.11,94.96,0.927,37.84,55.44,46.55,50.44,58.34,55.83,49.38,Cukup Potensial,Low,-3.72,-4.36,0,2026,Internal dummy + BPS-like + OSM/POI proxy + mobility proxy,Kurang Potensial,Customer retention
AREA_BDG_030,H3_BDG_030,Bandung,Jawa Barat,Coblong,Sekeloa,-6.885745,107.626581,24,18,3,0.75,0.125,2.56,93.62,17633796.0,0.4583,0.25,4.09,3.88,21.6,49.47,27695,18919.61,8086,0.736,74.62,57.9,0.00087,4,1,0,1,0,0,34.98,2,0.53,0.8,78.08,50408,47.45,71.38,0.69,43.61,19.65,62.99,54.42,47.86,78.08,48.09,Cukup Potensial,Low,-5.24,-1.88,0,2026,Internal dummy + BPS-like + OSM/POI proxy + mobility proxy,Kurang Potensial,Market share protection
AREA_SMG_001,H3_SMG_001,Semarang,Jawa Tengah,Pedurungan,Tlogosari Kulon,-6.984602,110.465435,29,20,3,0.6897,0.1034,1.7,109.93,15850550.0,0.2069,0.3103,5.16,5.07,25.4,59.75,19176,10729.56,5069,0.688,77.44,75.98,0.00151,3,0,0,1,1,0,23.98,0,2.54,0.0,29.7,43085,77.32,53.54,0.853,40.5,30.59,42.09,50.34,49.37,29.7,42.33,Kurang Potensial,Low,-5.48,-8,0,2026,Internal dummy + BPS-like + OSM/POI proxy + mobility proxy,Kurang Potensial,New customer acquisition
AREA_SMG_002,H3_SMG_002,Semarang,Jawa Tengah,Semarang Barat,Manyaran,-6.989208,110.366782,50,35,5,0.7,0.1,2.75,106.16,12221844.0,0.16,0.3,0.51,0.72,7.1,74.86,22705,11727.33,6894,0.601,69.27,90.66,0.0022,3,0,1,2,0,0,27.99,0,2.67,0.0,29.16,46495,57.85,84.48,0.669,55.54,18.93,48.41,48.19,75.09,29.16,48.79,Cukup Potensial,Low,-3.73,-2.61,0,2026,Internal dummy + BPS-like + OSM/POI proxy + mobility proxy,Kurang Potensial,Market share protection
AREA_SMG_003,H3_SMG_003,Semarang,Jawa Tengah,Gunungpati,Sekaran,-7.092789,110.413289,33,25,1,0.7576,0.0303,2.26,79.42,14480469.0,0.2121,0.2424,10.94,10.76,27.2,61.08,27346,13666.04,8401,0.735,83.71,79.04,0.00121,5,0,0,2,1,0,40.08,1,0.36,0.4,58.79,80402,63.29,82.44,0.938,45.63,30.07,56.66,64.72,41.02,58.79,49.2,Cukup Potensial,Low,-1.95,-7.86,0,2026,Internal dummy + BPS-like + OSM/POI proxy + mobility proxy,Kurang Potensial,New customer acquisition
AREA_SMG_004,H3_SMG_004,Semarang,Jawa Tengah,Semarang Barat,Kalibanteng Kidul,-6.976791,110.370064,52,35,5,0.6731,0.0962,2.68,104.87,15317859.0,0.3077,0.3269,1.83,1.97,9.2,65.63,34031,7359.45,9670,0.682,61.72,76.72,0.00153,1,0,0,1,0,0,15.6,1,1.26,0.4,55.04,56923,61.4,71.6,0.633,59.18,23.58,59.23,36.7,67.6,55.04,49.77,Cukup Potensial,Low,-2.71,-1.78,0,2026,Internal dummy + BPS-like + OSM/POI proxy + mobility proxy,Kurang Potensial,Market share protection
AREA_SMG_005,H3_SMG_005,Semarang,Jawa Tengah,Genuk,Karangroto,-6.95323,110.462484,43,32,6,0.7442,0.1395,2.78,101.21,13132053.0,0.2791,0.2558,5.58,5.55,24.6,60.06,33274,8674.66,10226,0.731,58.7,68.15,0.00129,2,0,1,1,0,0,26.8,1,0.69,0.4,57.41,35580,67.68,75.23,0.408,54.03,25.87,59.39,31.99,48.37,57.41,44.85,Kurang Potensial,Low,-4.73,-5.92,0,2026,Internal dummy + BPS-like + OSM/POI proxy + mobility proxy,Kurang Potensial,Market share protection
AREA_SMG_006,H3_SMG_006,Semarang,Jawa Tengah,Semarang Barat,Krapyak,-7.002264,110.371615,21,15,0,0.7143,0.0,3.38,71.24,15906393.0,0.1429,0.2857,0.45,0.74,4.5,92.88,25594,10894.3,6371,0.679,87.26,58.15,0.00082,4,1,1,1,0,0,24.78,0,4.09,0.0,23.23,33178,56.81,56.76,0.764,33.99,8.36,37.39,44.81,85.27,23.23,41.06,Kurang Potensial,Low,-10,-7.89,0,2026,Internal dummy + BPS-like + OSM/POI proxy + mobility proxy,Kurang Potensial,New customer acquisition
AREA_SMG_007,H3_SMG_007,Semarang,Jawa Tengah,Pedurungan,Tlogosari Kulon,-7.017839,110.464866,23,16,3,0.6957,0.1304,3.01,100.65,11380836.0,0.3478,0.3043,6.65,6.64,28.3,75.24,13984,8583.26,4226,0.6,83.16,66.37,0.00164,5,0,0,3,0,1,39.95,1,0.59,0.4,57.83,25952,46.07,82.21,0.748,39.02,31.98,52.28,44.03,50.96,57.83,44.35,Kurang Potensial,Low,-3.25,-1.01,0,2026,Internal dummy + BPS-like + OSM/POI proxy + mobility proxy,Kurang Potensial,Market share protection
AREA_SMG_008,H3_SMG_008,Semarang,Jawa Tengah,Banyumanik,Pudakpayung,-7.065127,110.406086,30,21,6,0.7,0.2,2.36,115.03,19836775.0,0.1667,0.3,7.8,7.84,30.2,85.63,18788,10277.45,4703,0.617,79.85,82.07,0.0016,1,0,0,0,1,0,10.41,0,2.21,0.0,31.07,27980,94.38,67.41,0.708,40.75,38.7,42.92,42.94,53.87,31.07,43.04,Kurang Potensial,Low,-5.14,-0.33,0,2026,Internal dummy + BPS-like + OSM/POI proxy + mobility proxy,Kurang Potensial,New customer acquisition
AREA_SMG_009,H3_SMG_009,Semarang,Jawa Tengah,Tembalang,Tembalang,-7.060454,110.436675,24,16,5,0.6667,0.2083,1.59,133.21,14691091.0,0.2083,0.3333,9.27,9.05,42.3,93.26,23738,12109.86,7061,0.632,52.84,47.46,0.00101,1,0,0,0,0,0,14.76,1,0.29,0.4,59.08,44840,68.81,81.68,0.795,36.11,48.4,50.95,38.51,44.9,59.08,43.92,Kurang Potensial,Low,-7.6,-4.24,0,2026,Internal dummy + BPS-like + OSM/POI proxy + mobility proxy,Kurang Potensial,Market share protection
AREA_SMG_010,H3_SMG_010,Semarang,Jawa Tengah,Tembalang,Sendangmulyo,-7.06711,110.441522,26,19,3,0.7308,0.1154,2.98,104.15,11581139.0,0.3846,0.2692,10.11,10.13,28.2,64.85,13420,11545.19,3273,0.685,58.57,75.24,0.00194,5,1,0,3,0,0,35.98,0,0.95,0.0,36.33,15897,66.31,41.48,0.369,43.05,37.7,46.5,35.46,41.83,36.33,40.6,Kurang Potensial,Low,-10,-6.85,0,2026,Internal dummy + BPS-like + OSM/POI proxy + mobility proxy,Kurang Potensial,Market share protection
AREA_SMG_011,H3_SMG_011,Semarang,Jawa Tengah,Semarang Tengah,Sekayu,-6.97959,110.417194,14,9,3,0.6429,0.2143,1.79,121.21,11662304.0,0.2143,0.3571,0.22,0.53,8.3,45.23,16860,5591.14,4955,0.681,69.68,60.28,0.00083,0,0,0,0,0,0,13.63,1,0.98,0.4,56.2,35391,75.27,40.95,0.947,28.05,28.22,46.0,42.2,61.22,56.2,41.47,Kurang Potensial,Low,-9.59,-7.48,0,2026,Internal dummy + BPS-like + OSM/POI proxy + mobility proxy,Kurang Potensial,Market share protection
AREA_SMG_012,H3_SMG_012,Semarang,Jawa Tengah,Gunungpati,Patemon,-7.099864,110.369678,56,38,9,0.6786,0.1607,2.93,115.29,15042972.0,0.25,0.3214,10.92,10.92,32.3,67.18,35620,12789.43,9968,0.722,63.62,83.89,0.00157,6,1,1,3,0,0,42.86,2,0.78,0.8,77.04,51673,60.63,50.29,0.589,61.18,46.9,68.54,52.49,38.68,77.04,55.28,Sangat Strategis,Medium,2.78,-3.76,1,2026,Internal dummy + BPS-like + OSM/POI proxy + mobility proxy,Cukup Potensial,Market share protection
AREA_SMG_013,H3_SMG_013,Semarang,Jawa Tengah,Genuk,Genuksari,-6.96104,110.483919,8,3,1,0.375,0.125,2.65,151.25,17427385.0,0.25,0.625,7.43,7.62,23.8,78.32,15054,8886.89,3841,0.64,50.86,47.82,0.00053,3,1,0,1,0,1,19.36,1,1.0,0.4,56.12,33262,65.54,87.42,0.924,16.25,71.34,35.65,43.73,54.78,56.12,43.15,Kurang Potensial,Low,-4.44,-1.08,0,2026,Internal dummy + BPS-like + OSM/POI proxy + mobility proxy,Kurang Potensial,Customer retention
AREA_SMG_014,H3_SMG_014,Semarang,Jawa Tengah,Semarang Tengah,Miroto,-6.971042,110.400865,39,26,6,0.6667,0.1538,2.6,113.87,11006932.0,0.2308,0.3333,0.49,0.73,7.4,72.55,31674,7812.04,9855,0.661,51.96,67.66,0.00123,3,0,0,0,0,0,27.94,1,0.23,0.4,59.33,53775,50.74,51.71,0.858,47.75,24.18,55.93,46.54,73.85,59.33,50.2,Cukup Potensial,Low,-7.69,1.66,0,2026,Internal dummy + BPS-like + OSM/POI proxy + mobility proxy,Cukup Potensial,Market share protection
AREA_SMG_015,H3_SMG_015,Semarang,Jawa Tengah,Semarang Tengah,Sekayu,-6.965698,110.388125,48,30,8,0.625,0.1667,2.3,127.38,16124973.0,0.2083,0.375,0.38,0.76,5.6,48.39,32105,11074.79,8648,0.677,74.6,77.59,0.0015,2,1,0,0,0,0,18.18,1,0.34,0.4,58.87,23214,91.08,56.06,0.367,52.77,30.87,57.03,33.54,64.5,58.87,48.1,Cukup Potensial,Low,-9.41,1.3,0,2026,Internal dummy + BPS-like + OSM/POI proxy + mobility proxy,Kurang Potensial,Market share protection
AREA_SMG_016,H3_SMG_016,Semarang,Jawa Tengah,Banyumanik,Banyumanik,-7.078105,110.409084,39,27,4,0.6923,0.1026,2.08,95.74,12783153.0,0.2821,0.3077,9.25,9.2,30.0,80.57,36280,10698.55,11577,0.699,54.68,64.73,0.00107,4,1,0,0,1,1,35.45,0,1.34,0.0,34.7,42404,83.84,69.06,0.555,49.55,36.55,47.84,41.87,49.85,34.7,44.78,Kurang Potensial,Low,-6.21,-5.92,0,2026,Internal dummy + BPS-like + OSM/POI proxy + mobility proxy,Kurang Potensial,Market share protection
AREA_SMG_017,H3_SMG_017,Semarang,Jawa Tengah,Tembalang,Tembalang,-7.047757,110.455674,34,20,5,0.5882,0.1471,2.19,115.47,12062111.0,0.2647,0.4118,8.65,8.64,37.2,49.59,34084,5734.23,9500,0.648,72.32,64.47,0.001,4,1,0,1,1,0,33.66,0,2.64,0.0,29.28,34687,50.54,75.69,0.479,42.34,48.77,40.67,33.27,31.17,29.28,38.52,Kurang Potensial,Low,-10,-8,0,2026,Internal dummy + BPS-like + OSM/POI proxy + mobility proxy,Kurang Potensial,Customer retention
AREA_SMG_018,H3_SMG_018,Semarang,Jawa Tengah,Semarang Barat,Manyaran,-6.98682,110.358826,52,40,3,0.7692,0.0577,2.48,79.67,14434386.0,0.3269,0.2308,0.69,0.86,6.0,60.12,31638,5493.04,9515,0.731,79.53,80.92,0.00164,5,1,0,3,0,0,37.23,0,2.72,0.0,28.95,25978,66.53,42.75,0.524,62.45,7.03,52.61,38.27,69.07,28.95,45.94,Cukup Potensial,Low,-4.1,-0.41,0,2026,Internal dummy + BPS-like + OSM/POI proxy + mobility proxy,Kurang Potensial,Market share protection
AREA_SMG_019,H3_SMG_019,Semarang,Jawa Tengah,Banyumanik,Srondol Kulon,-7.089717,110.413963,14,10,3,0.7143,0.2143,3.2,119.57,14133792.0,0.3571,0.2857,10.65,10.56,32.9,84.3,14361,8573.64,3667,0.65,65.69,48.66,0.00097,1,0,0,1,0,0,5.56,1,0.2,0.4,59.46,15622,77.01,52.37,0.538,33.05,45.01,50.76,23.79,46.27,59.46,39.68,Kurang Potensial,Low,-2.25,-3.06,0,2026,Internal dummy + BPS-like + OSM/POI proxy + mobility proxy,Kurang Potensial,Market share protection
AREA_SMG_020,H3_SMG_020,Semarang,Jawa Tengah,Pedurungan,Tlogosari Kulon,-6.972262,110.499702,48,35,5,0.7292,0.1042,3.38,101.79,15129559.0,0.2917,0.2708,8.93,8.97,21.3,62.08,34597,13277.93,10821,0.715,55.95,72.68,0.00139,7,1,1,4,0,0,51.01,0,1.84,0.0,32.62,43950,61.98,54.98,0.664,57.56,34.48,51.15,54.41,47.43,32.62,49.05,Cukup Potensial,Low,-6.81,-4.83,0,2026,Internal dummy + BPS-like + OSM/POI proxy + mobility proxy,Kurang Potensial,New customer acquisition
AREA_SMG_021,H3_SMG_021,Semarang,Jawa Tengah,Semarang Barat,Krapyak,-6.994883,110.351039,45,32,6,0.7111,0.1333,2.25,103.56,16822768.0,0.3111,0.2889,1.35,1.45,7.8,75.36,37435,8144.38,9598,0.711,81.68,56.1,0.0012,3,0,0,3,0,0,23.59,0,3.93,0.0,23.9,28759,83.01,74.33,0.438,55.17,19.61,46.48,26.88,73.68,23.9,43.28,Kurang Potensial,Low,-10,-8,0,2026,Internal dummy + BPS-like + OSM/POI proxy + mobility proxy,Kurang Potensial,Market share protection
AREA_SMG_022,H3_SMG_022,Semarang,Jawa Tengah,Gunungpati,Patemon,-7.095299,110.38035,54,40,4,0.7407,0.0741,2.58,84.56,16709101.0,0.2778,0.2593,10.41,10.38,32.1,45.51,36899,10215.21,9586,0.721,73.93,91.37,0.00146,1,0,0,0,0,0,15.08,1,0.42,0.4,58.54,57439,66.99,63.14,0.544,62.11,32.39,63.15,43.66,29.75,58.54,47.8,Cukup Potensial,Low,-2.42,-5.82,0,2026,Internal dummy + BPS-like + OSM/POI proxy + mobility proxy,Kurang Potensial,Market share protection
AREA_SMG_023,H3_SMG_023,Semarang,Jawa Tengah,Gunungpati,Patemon,-7.08663,110.394031,18,12,3,0.6667,0.1667,2.3,121.78,11013846.0,0.1667,0.3333,9.65,9.8,37.4,69.95,14431,7793.67,4011,0.589,82.43,48.61,0.00125,3,0,1,1,0,0,25.49,0,0.74,0.0,37.21,35643,70.35,62.76,0.869,30.8,46.87,40.41,37.92,37.67,37.21,38.16,Kurang Potensial,Low,-9.68,-6.75,0,2026,Internal dummy + BPS-like + OSM/POI proxy + mobility proxy,Kurang Potensial,Customer retention
AREA_SMG_024,H3_SMG_024,Semarang,Jawa Tengah,Gunungpati,Patemon,-7.086242,110.386535,45,32,5,0.7111,0.1111,3.07,98.24,11684611.0,0.3111,0.2889,9.47,9.45,27.1,57.37,33359,6694.16,8859,0.66,88.1,66.17,0.00135,9,2,1,3,1,0,72.99,1,0.3,0.4,59.04,84399,49.22,73.77,0.837,55.17,36.31,59.83,56.37,41.35,59.04,51.1,Strategis,Low,-4.44,-0.81,1,2026,Internal dummy + BPS-like + OSM/POI proxy + mobility proxy,Cukup Potensial,Market share protection
AREA_SMG_025,H3_SMG_025,Semarang,Jawa Tengah,Genuk,Terboyo Wetan,-6.976936,110.490921,31,19,5,0.6129,0.1613,2.24,133.65,19896068.0,0.1613,0.3871,7.94,7.87,35.3,90.08,31982,6428.72,9111,0.625,63.39,60.9,0.00097,6,0,1,1,2,1,53.93,0,1.15,0.0,35.5,62405,48.3,40.67,0.709,38.78,49.4,42.04,46.45,52.98,35.5,45.0,Kurang Potensial,Low,-5.53,-7.37,0,2026,Internal dummy + BPS-like + OSM/POI proxy + mobility proxy,Kurang Potensial,Customer retention
AREA_SMG_026,H3_SMG_026,Semarang,Jawa Tengah,Pedurungan,Gemah,-6.986294,110.497437,18,14,2,0.7778,0.1111,2.9,90.22,9377578.0,0.1667,0.2222,8.69,8.71,33.5,57.22,16927,8000.26,4524,0.603,60.74,90.48,0.00106,3,1,0,0,1,1,25.12,0,2.4,0.0,30.28,26939,91.9,53.57,0.769,34.13,27.46,41.4,53.82,37.39,30.28,39.06,Kurang Potensial,Low,-10,-8,0,2026,Internal dummy + BPS-like + OSM/POI proxy + mobility proxy,Kurang Potensial,New customer acquisition
AREA_SMG_027,H3_SMG_027,Semarang,Jawa Tengah,Gunungpati,Patemon,-7.08897,110.395528,54,38,9,0.7037,0.1667,3.9,117.48,15188773.0,0.2407,0.2963,9.94,9.92,24.2,54.79,36208,13974.48,8823,0.595,75.17,68.9,0.00149,6,1,1,2,0,0,47.59,0,1.01,0.0,36.08,27927,62.09,80.97,0.361,60.25,43.2,53.09,41.81,40.6,36.08,47.63,Cukup Potensial,Low,-1.1,1.49,0,2026,Internal dummy + BPS-like + OSM/POI proxy + mobility proxy,Kurang Potensial,Market share protection
AREA_SMG_028,H3_SMG_028,Semarang,Jawa Tengah,Banyumanik,Banyumanik,-7.061348,110.42231,38,26,7,0.6842,0.1842,2.15,121.95,13448334.0,0.1579,0.3158,8.39,8.34,26.7,94.55,28635,11937.87,7125,0.721,46.7,60.83,0.00133,6,3,1,0,0,0,45.43,2,1.11,0.8,75.66,35168,53.11,84.88,0.81,46.07,42.44,61.78,51.41,58.6,75.66,53.1,Strategis,Low,-0.13,-4.38,1,2026,Internal dummy + BPS-like + OSM/POI proxy + mobility proxy,Cukup Potensial,Market share protection
AREA_SMG_029,H3_SMG_029,Semarang,Jawa Tengah,Gunungpati,Sekaran,-7.070298,110.378987,34,18,11,0.5294,0.3235,1.8,161.47,14920979.0,0.2647,0.4706,7.63,7.68,33.7,58.81,25463,8278.69,6543,0.735,72.48,80.36,0.00134,4,1,1,1,0,0,32.67,0,1.81,0.0,32.74,33549,93.28,82.06,0.82,40.58,64.43,40.07,51.9,38.14,32.74,45.99,Cukup Potensial,Low,-6.48,-2.05,0,2026,Internal dummy + BPS-like + OSM/POI proxy + mobility proxy,Kurang Potensial,Customer retention
AREA_SMG_030,H3_SMG_030,Semarang,Jawa Tengah,Banyumanik,Srondol Kulon,-7.086629,110.43548,30,15,9,0.5,0.3,2.67,158.33,15511202.0,0.2,0.5,11.51,11.48,36.3,47.21,27128,11924.95,6857,0.66,63.84,52.62,0.00111,4,0,0,1,1,1,37.06,2,1.03,0.8,76.0,32868,47.61,63.84,0.47,35.42,74.39,53.76,35.53,27.05,76.0,45.59,Kurang Potensial,Low,-0.38,-0.57,0,2026,Internal dummy + BPS-like + OSM/POI proxy + mobility proxy,Kurang Potensial,Customer retention
AREA_YGY_001,H3_YGY_001,Yogyakarta,DI Yogyakarta,Gondokusuman,Terban,-7.786471,110.363968,43,29,4,0.6744,0.093,1.87,93.05,17668384.0,0.3023,0.3256,1.17,1.33,8.8,81.7,19340,5254.88,5902,0.652,68.1,84.06,0.00222,3,1,0,0,1,0,28.83,1,0.44,0.4,58.46,23875,89.23,90.83,0.405,52.4,19.27,57.71,28.98,77.2,58.46,47.42,Cukup Potensial,Low,-1.83,-3.08,0,2026,Internal dummy + BPS-like + OSM/POI proxy + mobility proxy,Kurang Potensial,Market share protection
AREA_YGY_002,H3_YGY_002,Yogyakarta,DI Yogyakarta,Mantrijeron,Mantrijeron,-7.827799,110.355889,24,12,4,0.5,0.1667,2.87,128.08,15676745.0,0.1667,0.5,2.25,2.38,9.3,54.61,22285,6520.85,6458,0.596,77.16,60.76,0.00108,7,4,0,0,1,0,48.96,2,0.48,0.8,78.29,16327,68.62,84.87,0.438,30.27,44.72,52.46,35.23,63.21,78.29,45.67,Kurang Potensial,Low,-3.58,-5.73,0,2026,Internal dummy + BPS-like + OSM/POI proxy + mobility proxy,Kurang Potensial,Market share protection
AREA_YGY_003,H3_YGY_003,Yogyakarta,DI Yogyakarta,Mantrijeron,Mantrijeron,-7.820168,110.356391,15,7,4,0.4667,0.2667,2.42,180.73,14867854.0,0.0,0.5333,1.86,1.9,13.6,75.64,10622,6803.32,2643,0.668,77.73,69.81,0.00141,7,2,0,3,1,0,47.89,0,0.07,0.0,40.0,7667,47.39,60.19,0.417,19.22,59.81,32.61,36.19,69.89,40.0,41.51,Kurang Potensial,Low,-6.33,-6.21,0,2026,Internal dummy + BPS-like + OSM/POI proxy + mobility proxy,Kurang Potensial,Customer retention
AREA_YGY_004,H3_YGY_004,Yogyakarta,DI Yogyakarta,Mantrijeron,Suryodiningratan,-7.797911,110.364783,27,20,1,0.7407,0.037,3.87,75.41,14159144.0,0.2222,0.2593,0.13,0.66,3.2,70.48,29553,9324.48,7787,0.672,77.33,58.69,0.00091,7,1,0,4,0,0,52.5,1,0.66,0.4,57.54,20657,54.37,75.09,0.351,40.84,7.57,53.83,36.94,76.61,57.54,43.91,Kurang Potensial,Low,-9.43,-4.71,0,2026,Internal dummy + BPS-like + OSM/POI proxy + mobility proxy,Kurang Potensial,Market share protection
AREA_YGY_005,H3_YGY_005,Yogyakarta,DI Yogyakarta,Kotagede,Rejowinangun,-7.816642,110.40605,46,28,8,0.6087,0.1739,1.96,121.72,14614915.0,0.2609,0.3913,2.07,2.14,14.1,92.08,26633,9487.37,7545,0.655,73.61,91.11,0.00173,2,0,0,1,1,0,22.44,1,0.96,0.4,56.29,20896,62.24,78.98,0.502,51.84,34.13,55.34,41.65,76.63,56.29,51.83,Strategis,Medium,-5.44,-1.18,1,2026,Internal dummy + BPS-like + OSM/POI proxy + mobility proxy,Cukup Potensial,Market share protection
AREA_YGY_006,H3_YGY_006,Yogyakarta,DI Yogyakarta,Kasihan Bantul,Bangunjiwo,-7.843562,110.33307,20,10,4,0.5,0.2,2.08,145.65,14124695.0,0.2,0.5,1.03,1.18,10.4,88.12,11452,7670.69,3298,0.683,82.37,77.18,0.00175,6,0,1,2,1,0,43.29,0,2.15,0.0,31.32,21226,51.74,77.96,0.938,27.96,46.5,33.64,54.15,79.05,31.32,46.56,Cukup Potensial,Low,-4.4,-3.48,0,2026,Internal dummy + BPS-like + OSM/POI proxy + mobility proxy,Kurang Potensial,New customer acquisition
AREA_YGY_007,H3_YGY_007,Yogyakarta,DI Yogyakarta,Gondokusuman,Terban,-7.783968,110.381459,16,13,1,0.8125,0.0625,2.17,82.12,16756853.0,0.1875,0.1875,2.4,2.27,10.5,90.78,11373,7340.36,3305,0.644,81.69,67.25,0.00141,2,2,0,0,0,0,22.74,0,1.84,0.0,32.62,9780,88.11,37.87,0.372,34.1,7.41,42.97,26.82,77.17,32.62,37.07,Kurang Potensial,Low,-10,-8,0,2026,Internal dummy + BPS-like + OSM/POI proxy + mobility proxy,Kurang Potensial,Market share protection
AREA_YGY_008,H3_YGY_008,Yogyakarta,DI Yogyakarta,Kotagede,Prenggan,-7.821844,110.408102,43,24,6,0.5581,0.1395,1.61,118.81,16991918.0,0.1628,0.4419,2.5,2.63,14.8,75.41,24409,12551.74,6923,0.736,67.33,68.38,0.00176,6,2,0,4,0,0,38.39,0,0.35,0.0,38.83,52941,81.35,39.74,0.905,46.12,38.12,45.29,53.57,66.83,38.83,49.49,Cukup Potensial,Low,-3.92,-6.39,0,2026,Internal dummy + BPS-like + OSM/POI proxy + mobility proxy,Kurang Potensial,New customer acquisition
AREA_YGY_009,H3_YGY_009,Yogyakarta,DI Yogyakarta,Kasihan Bantul,Bangunjiwo,-7.821765,110.352068,15,12,1,0.8,0.0667,3.0,81.27,13867868.0,0.2667,0.2,1.51,1.65,8.3,66.49,12623,7451.28,3685,0.651,77.29,52.83,0.00119,3,1,0,2,0,0,31.86,2,0.58,0.8,77.87,17383,90.58,71.89,0.616,34.56,6.87,60.11,33.13,69.1,77.87,42.45,Kurang Potensial,Low,-10,-7.69,0,2026,Internal dummy + BPS-like + OSM/POI proxy + mobility proxy,Kurang Potensial,Market share protection
AREA_YGY_010,H3_YGY_010,Yogyakarta,DI Yogyakarta,Mlati Sleman,Sinduadi,-7.718058,110.362349,75,42,15,0.56,0.2,2.4,139.4,13878940.0,0.1867,0.44,3.66,3.66,22.4,89.01,31993,10237.61,9141,0.708,75.57,89.78,0.00234,3,0,1,0,0,1,23.45,0,7.17,0.0,10.39,35295,46.74,39.03,0.436,70.53,45.93,44.77,35.98,65.6,10.39,50.51,Cukup Potensial,Low,0.17,-6.75,0,2026,Internal dummy + BPS-like + OSM/POI proxy + mobility proxy,Cukup Potensial,Customer retention
AREA_YGY_011,H3_YGY_011,Yogyakarta,DI Yogyakarta,Kotagede,Purbayan,-7.848993,110.422338,32,22,5,0.6875,0.1562,2.64,120.81,13819207.0,0.0625,0.3125,5.63,5.7,17.9,82.01,29827,5880.94,8296,0.639,64.98,48.61,0.00107,3,0,1,0,0,0,25.48,1,0.45,0.4,58.42,24127,58.93,92.63,0.433,39.79,35.48,52.66,22.27,63.32,58.42,42.49,Kurang Potensial,Low,-3.13,-8,0,2026,Internal dummy + BPS-like + OSM/POI proxy + mobility proxy,Kurang Potensial,Market share protection
AREA_YGY_012,H3_YGY_012,Yogyakarta,DI Yogyakarta,Umbulharjo,Muja Muju,-7.821872,110.387071,15,10,1,0.6667,0.0667,2.39,87.73,12783897.0,0.2667,0.3333,1.15,1.33,10.2,51.89,13858,6855.99,4092,0.651,89.84,58.42,0.00108,0,0,0,0,0,0,6.59,3,0.79,1.2,97.0,24479,87.64,62.12,0.9,30.56,18.28,63.03,37.59,61.54,97.0,44.58,Kurang Potensial,Low,-2.31,-4.77,0,2026,Internal dummy + BPS-like + OSM/POI proxy + mobility proxy,Kurang Potensial,Market share protection
AREA_YGY_013,H3_YGY_013,Yogyakarta,DI Yogyakarta,Mantrijeron,Suryodiningratan,-7.797116,110.355624,63,46,6,0.7302,0.0952,2.61,94.49,17002481.0,0.3016,0.2698,0.93,1.13,8.7,80.75,31883,7626.83,10053,0.667,85.11,85.01,0.00198,5,1,1,1,1,0,38.32,0,1.28,0.0,34.95,73664,84.68,65.53,0.777,68.98,14.71,56.86,49.05,77.17,34.95,53.42,Strategis,Low,-3.21,1.62,1,2026,Internal dummy + BPS-like + OSM/POI proxy + mobility proxy,Cukup Potensial,Market share protection
AREA_YGY_014,H3_YGY_014,Yogyakarta,DI Yogyakarta,Umbulharjo,Warungboto,-7.807696,110.378486,8,5,2,0.625,0.25,2.42,133.88,22615322.0,0.25,0.375,1.13,1.05,7.9,77.09,10861,7748.07,2912,0.655,89.24,51.1,0.00074,3,0,0,2,1,0,28.74,0,0.34,0.0,38.87,13599,80.85,63.72,0.881,23.75,34.26,37.25,43.7,75.87,38.87,41.87,Kurang Potensial,Low,-1.95,-7.22,0,2026,Internal dummy + BPS-like + OSM/POI proxy + mobility proxy,Kurang Potensial,New customer acquisition
AREA_YGY_015,H3_YGY_015,Yogyakarta,DI Yogyakarta,Mantrijeron,Suryodiningratan,-7.816911,110.351793,50,34,7,0.68,0.14,2.11,105.18,15366168.0,0.32,0.32,1.27,1.29,6.7,65.98,31048,5167.49,8594,0.663,50.78,83.97,0.00161,4,1,0,3,0,0,29.27,0,0.59,0.0,37.83,52649,51.45,65.17,0.681,58.14,22.21,52.39,42.29,70.41,37.83,48.94,Cukup Potensial,Low,1.08,-1.33,0,2026,Internal dummy + BPS-like + OSM/POI proxy + mobility proxy,Kurang Potensial,Market share protection
AREA_YGY_016,H3_YGY_016,Yogyakarta,DI Yogyakarta,Kasihan Bantul,Bangunjiwo,-7.821084,110.347864,41,25,7,0.6098,0.1707,2.25,123.02,13218425.0,0.2439,0.3902,1.09,1.23,12.4,46.78,15307,7403.95,3944,0.635,87.34,87.06,0.00268,2,0,0,1,0,0,13.21,1,1.01,0.4,56.08,24432,72.54,42.51,0.858,47.8,32.22,53.58,40.27,57.63,56.08,46.78,Cukup Potensial,Low,-3.7,-4.04,0,2026,Internal dummy + BPS-like + OSM/POI proxy + mobility proxy,Kurang Potensial,Market share protection
AREA_YGY_017,H3_YGY_017,Yogyakarta,DI Yogyakarta,Depok Sleman,Maguwoharjo,-7.756699,110.413514,47,29,9,0.617,0.1915,2.48,126.17,14095853.0,0.2553,0.383,3.56,3.58,15.9,74.92,29026,5887.75,7589,0.695,72.23,84.6,0.00162,3,2,0,0,0,0,22.71,1,0.88,0.4,56.62,49079,47.27,73.49,0.688,52.72,38.03,56.0,41.64,64.38,56.62,50.7,Strategis,Low,6.35,-2.21,1,2026,Internal dummy + BPS-like + OSM/POI proxy + mobility proxy,Cukup Potensial,Market share protection
AREA_YGY_018,H3_YGY_018,Yogyakarta,DI Yogyakarta,Mlati Sleman,Tlogoadi,-7.743188,110.381165,36,24,6,0.6667,0.1667,1.89,108.08,16072882.0,0.3333,0.3333,0.36,0.71,5.8,86.37,30938,4772.57,7586,0.667,73.89,59.2,0.00116,4,0,1,1,0,0,33.63,0,4.72,0.0,20.6,40656,67.68,76.32,0.497,47.56,23.01,41.14,29.41,81.47,20.6,42.9,Kurang Potensial,Low,-9.56,-3.54,0,2026,Internal dummy + BPS-like + OSM/POI proxy + mobility proxy,Kurang Potensial,Market share protection
AREA_YGY_019,H3_YGY_019,Yogyakarta,DI Yogyakarta,Mantrijeron,Gedongkiwo,-7.827067,110.356801,25,20,3,0.8,0.12,2.44,82.48,11518911.0,0.28,0.2,2.27,2.42,10.4,71.07,14707,7313.24,3780,0.697,83.73,90.84,0.0017,3,0,0,1,0,0,22.18,1,0.36,0.4,58.79,12686,60.96,62.99,0.428,42.29,9.7,56.1,36.6,68.55,58.79,43.6,Kurang Potensial,Low,-10,-6.03,0,2026,Internal dummy + BPS-like + OSM/POI proxy + mobility proxy,Kurang Potensial,Market share protection
AREA_YGY_020,H3_YGY_020,Yogyakarta,DI Yogyakarta,Umbulharjo,Warungboto,-7.807551,110.389993,59,37,11,0.6271,0.1864,2.19,129.51,12488568.0,0.1356,0.3729,0.5,0.73,6.8,47.41,30164,8263.21,7252,0.724,81.61,88.89,0.00196,5,2,0,1,0,0,32.62,1,1.17,0.4,55.41,35158,94.8,63.01,0.783,59.58,31.41,58.62,50.11,62.98,55.41,53.19,Strategis,Low,-1.28,-4.79,1,2026,Internal dummy + BPS-like + OSM/POI proxy + mobility proxy,Cukup Potensial,Market share protection
AREA_YGY_021,H3_YGY_021,Yogyakarta,DI Yogyakarta,Mantrijeron,Gedongkiwo,-7.790383,110.360197,26,20,3,0.7692,0.1154,3.23,80.62,15616559.0,0.3462,0.2308,0.85,1.14,11.2,90.13,24982,13200.18,7487,0.636,47.27,68.26,0.00104,3,2,0,1,0,0,31.04,1,0.68,0.4,57.46,53349,71.83,85.83,0.879,43.43,8.75,55.46,56.08,78.37,57.46,49.47,Cukup Potensial,Low,-2.65,-2.21,0,2026,Internal dummy + BPS-like + OSM/POI proxy + mobility proxy,Kurang Potensial,New customer acquisition
AREA_YGY_022,H3_YGY_022,Yogyakarta,DI Yogyakarta,Kotagede,Prenggan,-7.832872,110.379815,22,15,2,0.6818,0.0909,1.86,121.91,12487942.0,0.2273,0.3182,2.53,2.44,12.3,84.81,11482,8105.23,3080,0.611,69.9,48.46,0.00192,3,0,0,1,0,0,23.38,0,0.88,0.0,36.62,18754,94.45,75.82,0.653,35.45,27.77,42.44,25.89,72.94,36.62,39.81,Kurang Potensial,Low,-10,-6.86,0,2026,Internal dummy + BPS-like + OSM/POI proxy + mobility proxy,Kurang Potensial,Market share protection
AREA_YGY_023,H3_YGY_023,Yogyakarta,DI Yogyakarta,Gondokusuman,Baciro,-7.799787,110.391208,44,29,8,0.6591,0.1818,3.17,112.66,11571057.0,0.2045,0.3409,1.36,1.5,7.9,73.38,28279,12950.54,7194,0.612,67.91,68.5,0.00156,2,0,0,1,0,0,27.48,0,1.38,0.0,34.54,16003,68.69,62.42,0.377,50.73,26.69,47.61,34.56,72.7,34.54,45.69,Kurang Potensial,Low,-0.46,0.5,0,2026,Internal dummy + BPS-like + OSM/POI proxy + mobility proxy,Kurang Potensial,Market share protection
AREA_YGY_024,H3_YGY_024,Yogyakarta,DI Yogyakarta,Depok Sleman,Condongcatur,-7.753265,110.425378,23,18,3,0.7826,0.1304,2.27,100.52,17592548.0,0.2174,0.2174,4.66,4.75,20.0,60.19,15324,8036.59,4055,0.715,71.72,68.84,0.0015,4,0,1,2,1,0,27.18,0,1.12,0.0,35.62,22236,68.74,36.0,0.656,39.02,20.68,45.58,38.53,54.36,35.62,39.6,Kurang Potensial,Low,-8.03,-8,0,2026,Internal dummy + BPS-like + OSM/POI proxy + mobility proxy,Kurang Potensial,Market share protection
AREA_YGY_025,H3_YGY_025,Yogyakarta,DI Yogyakarta,Gondokusuman,Kotabaru,-7.76724,110.375999,66,42,11,0.6364,0.1667,2.87,129.15,15975521.0,0.2424,0.3636,2.89,2.81,14.0,54.6,30619,4739.82,8453,0.735,80.23,81.48,0.00216,5,1,1,0,1,0,43.68,0,2.16,0.0,31.28,55579,53.53,72.74,0.697,67.22,35.03,52.85,41.82,58.77,31.28,50.66,Cukup Potensial,Low,3.49,-5.66,0,2026,Internal dummy + BPS-like + OSM/POI proxy + mobility proxy,Cukup Potensial,Market share protection
AREA_YGY_026,H3_YGY_026,Yogyakarta,DI Yogyakarta,Kasihan Bantul,Bangunjiwo,-7.842262,110.358234,13,7,1,0.5385,0.0769,2.59,113.38,17398447.0,0.2308,0.4615,3.35,3.33,16.8,45.4,11034,9653.13,2850,0.611,64.85,64.68,0.00118,3,0,0,1,1,0,32.14,2,0.62,0.8,77.71,11266,75.57,63.3,0.598,24.5,39.11,50.59,40.33,51.88,77.71,42.33,Kurang Potensial,Low,-0.39,-4.91,0,2026,Internal dummy + BPS-like + OSM/POI proxy + mobility proxy,Kurang Potensial,Market share protection
AREA_YGY_027,H3_YGY_027,Yogyakarta,DI Yogyakarta,Mlati Sleman,Sinduadi,-7.740953,110.368495,34,23,6,0.6765,0.1765,2.39,113.79,11639272.0,0.2647,0.3235,1.77,1.76,9.1,46.53,28379,7425.45,7412,0.664,59.12,53.14,0.0012,3,0,0,3,0,0,21.04,0,4.65,0.0,20.9,47107,83.6,78.26,0.897,44.99,26.07,40.37,39.37,59.16,20.9,41.1,Kurang Potensial,Low,-5.21,-0.8,0,2026,Internal dummy + BPS-like + OSM/POI proxy + mobility proxy,Kurang Potensial,Market share protection
AREA_YGY_028,H3_YGY_028,Yogyakarta,DI Yogyakarta,Mlati Sleman,Sinduadi,-7.748244,110.379752,25,16,5,0.64,0.2,2.06,140.28,17835924.0,0.2,0.36,0.81,0.74,9.7,45.6,19142,9522.78,5718,0.736,58.39,58.58,0.00131,3,0,0,1,0,0,24.08,0,4.19,0.0,22.82,22003,62.44,91.02,0.474,35.89,33.07,36.55,30.19,59.54,22.82,37.67,Kurang Potensial,Low,-5.3,-6.47,0,2026,Internal dummy + BPS-like + OSM/POI proxy + mobility proxy,Kurang Potensial,Market share protection
AREA_YGY_029,H3_YGY_029,Yogyakarta,DI Yogyakarta,Kotagede,Rejowinangun,-7.833685,110.415226,20,12,7,0.6,0.35,2.04,154.55,14499885.0,0.2,0.4,3.88,3.91,16.6,85.67,22441,12561.84,6350,0.635,79.79,51.88,0.00089,3,2,0,1,0,0,23.02,0,1.19,0.0,35.33,22723,91.2,74.36,0.375,30.96,49.0,38.43,30.12,68.26,35.33,41.57,Kurang Potensial,Low,-9.35,-2.9,0,2026,Internal dummy + BPS-like + OSM/POI proxy + mobility proxy,Kurang Potensial,Customer retention
AREA_YGY_030,H3_YGY_030,Yogyakarta,DI Yogyakarta,Umbulharjo,Muja Muju,-7.805573,110.401253,27,18,3,0.6667,0.1111,2.39,107.19,16640681.0,0.1481,0.3333,1.61,1.58,15.5,90.18,18900,5735.46,5003,0.674,55.91,76.48,0.00143,3,1,0,0,0,1,25.67,0,0.15,0.0,39.67,27358,65.67,78.04,0.669,37.14,23.96,44.01,39.51,74.1,39.67,43.2,Kurang Potensial,Low,-8.29,-8,0,2026,Internal dummy + BPS-like + OSM/POI proxy + mobility proxy,Kurang Potensial,Market share protection
AREA_SBY_001,H3_SBY_001,Surabaya,Jawa Timur,Gubeng,Gubeng,-7.262836,112.758494,35,22,5,0.6286,0.1429,3.1,119.09,10955286.0,0.2857,0.3714,1.26,1.33,7.3,52.68,36333,16834.71,8929,0.656,74.27,80.53,0.00096,5,1,2,1,0,0,33.64,0,0.76,0.0,37.12,30125,83.44,74.14,0.522,44.72,29.63,45.46,54.98,63.98,37.12,47.59,Cukup Potensial,Low,-3.91,0.89,0,2026,Internal dummy + BPS-like + OSM/POI proxy + mobility proxy,Kurang Potensial,New customer acquisition
AREA_SBY_002,H3_SBY_002,Surabaya,Jawa Timur,Wonokromo,Darmo,-7.293634,112.734139,65,47,7,0.7231,0.1077,2.88,115.05,17803778.0,0.1846,0.2769,3.56,3.71,11.7,68.38,53602,20035.62,12771,0.644,67.29,89.02,0.00121,4,2,1,0,0,0,27.01,0,0.75,0.0,37.16,154436,45.46,69.08,0.927,67.92,26.05,57.11,72.3,64.66,37.16,58.15,Sangat Strategis,Medium,0.25,3.5,1,2026,Internal dummy + BPS-like + OSM/POI proxy + mobility proxy,Cukup Potensial,New customer acquisition
AREA_SBY_003,H3_SBY_003,Surabaya,Jawa Timur,Kenjeran,Sidotopo Wetan,-7.239773,112.806228,30,20,5,0.6667,0.1667,2.72,118.7,13333721.0,0.3,0.3333,4.67,4.66,28.4,71.62,40180,14926.95,9723,0.716,66.06,54.06,0.00075,1,0,0,1,0,0,18.12,1,1.59,0.4,53.66,27122,57.86,46.17,0.418,42.42,34.44,51.54,34.78,51.85,53.66,43.27,Kurang Potensial,Low,-10,-3.46,0,2026,Internal dummy + BPS-like + OSM/POI proxy + mobility proxy,Kurang Potensial,Market share protection
AREA_SBY_004,H3_SBY_004,Surabaya,Jawa Timur,Sukolilo,Keputih,-7.304389,112.788658,38,25,5,0.6579,0.1316,2.32,121.0,12593688.0,0.2368,0.3421,3.46,3.51,20.8,69.45,43019,19273.76,10526,0.712,68.19,49.08,0.00088,9,4,1,3,0,0,63.45,2,0.41,0.8,78.58,47542,61.18,49.88,0.752,46.86,32.52,62.7,61.48,58.29,78.58,54.16,Strategis,Low,-2.72,-0.47,1,2026,Internal dummy + BPS-like + OSM/POI proxy + mobility proxy,Cukup Potensial,Market share protection
AREA_SBY_005,H3_SBY_005,Surabaya,Jawa Timur,Rungkut,Kalirungkut,-7.329933,112.784107,20,15,1,0.75,0.05,2.21,79.65,14455513.0,0.15,0.25,6.22,6.41,21.0,85.91,32894,15989.53,8818,0.622,61.18,56.11,0.00061,4,0,2,1,1,0,27.8,0,3.05,0.0,27.57,47962,79.3,90.39,0.751,34.46,21.11,39.95,51.85,63.13,27.57,41.67,Kurang Potensial,Low,-9.39,-1.14,0,2026,Internal dummy + BPS-like + OSM/POI proxy + mobility proxy,Kurang Potensial,New customer acquisition
AREA_SBY_006,H3_SBY_006,Surabaya,Jawa Timur,Sukolilo,Gebang Putih,-7.292274,112.781068,36,25,2,0.6944,0.0556,2.9,92.22,16755946.0,0.2222,0.3056,2.03,2.2,13.0,84.89,35043,16375.51,10488,0.601,51.89,80.14,0.00103,8,1,2,1,0,1,53.37,3,0.85,1.2,96.75,52038,68.54,67.25,0.713,46.17,18.9,70.04,66.0,73.09,96.75,57.57,Sangat Strategis,Low,2.03,-1.58,1,2026,Internal dummy + BPS-like + OSM/POI proxy + mobility proxy,Cukup Potensial,Market share protection
AREA_SBY_007,H3_SBY_007,Surabaya,Jawa Timur,Rungkut,Medokan Ayu,-7.319651,112.762927,62,45,5,0.7258,0.0806,2.8,98.18,14777889.0,0.2903,0.2742,5.48,5.46,28.1,69.81,51610,18448.45,14031,0.665,61.28,88.11,0.0012,8,0,1,3,1,0,60.11,0,1.3,0.0,34.87,63771,55.11,67.2,0.417,67.88,25.56,56.28,62.81,51.4,34.87,53.45,Strategis,Medium,-5.58,2.78,1,2026,Internal dummy + BPS-like + OSM/POI proxy + mobility proxy,Cukup Potensial,New customer acquisition
AREA_SBY_008,H3_SBY_008,Surabaya,Jawa Timur,Wiyung,Jajar Tunggal,-7.311938,112.689429,47,30,9,0.6383,0.1915,2.16,141.74,17184768.0,0.2553,0.3617,0.55,0.8,8.4,69.62,39017,10091.3,10656,0.709,65.4,69.12,0.0012,3,0,1,1,1,0,28.6,0,5.53,0.0,17.23,35175,85.35,78.4,0.624,53.36,33.54,41.72,42.44,72.88,17.23,47.2,Cukup Potensial,Low,-0.02,-5.0,0,2026,Internal dummy + BPS-like + OSM/POI proxy + mobility proxy,Kurang Potensial,New customer acquisition
AREA_SBY_009,H3_SBY_009,Surabaya,Jawa Timur,Wonokromo,Darmo,-7.300416,112.722236,24,17,1,0.7083,0.0417,1.79,72.58,14185018.0,0.25,0.2917,3.38,3.42,15.1,83.24,36883,13134.35,11634,0.739,87.06,48.24,0.00065,3,0,0,1,1,0,31.12,0,2.27,0.0,30.82,46031,83.45,80.95,0.91,38.19,15.88,41.92,51.14,70.17,30.82,43.21,Kurang Potensial,Low,-5.99,-3.12,0,2026,Internal dummy + BPS-like + OSM/POI proxy + mobility proxy,Kurang Potensial,New customer acquisition
AREA_SBY_010,H3_SBY_010,Surabaya,Jawa Timur,Tandes,Tandes,-7.267817,112.703938,64,42,10,0.6562,0.1562,2.71,112.02,17476463.0,0.2031,0.3438,0.74,1.0,5.3,56.89,51495,20005.38,14649,0.593,88.39,86.1,0.00124,4,0,1,0,1,1,28.52,0,2.12,0.0,31.45,56836,94.64,58.58,0.43,65.54,25.25,52.6,54.65,69.29,31.45,53.3,Strategis,Low,0.37,-4.51,1,2026,Internal dummy + BPS-like + OSM/POI proxy + mobility proxy,Cukup Potensial,New customer acquisition
AREA_SBY_011,H3_SBY_011,Surabaya,Jawa Timur,Rungkut,Kalirungkut,-7.310757,112.763635,30,18,7,0.6,0.2333,2.5,150.77,13594693.0,0.1333,0.4,4.55,4.64,20.5,84.71,38171,17082.0,10319,0.665,82.05,56.63,0.00079,2,0,0,1,1,0,17.88,1,0.39,0.4,58.67,44179,81.25,41.77,0.558,37.08,48.06,49.87,42.78,65.16,58.67,48.25,Cukup Potensial,Low,-3.09,-5.16,0,2026,Internal dummy + BPS-like + OSM/POI proxy + mobility proxy,Kurang Potensial,Market share protection
AREA_SBY_012,H3_SBY_012,Surabaya,Jawa Timur,Tandes,Balongsari,-7.271129,112.66739,28,19,4,0.6786,0.1429,2.39,114.57,16692816.0,0.2143,0.3214,4.66,4.63,22.0,61.79,30886,11472.98,9618,0.585,71.9,78.05,0.00091,3,0,0,2,0,0,28.62,1,0.4,0.4,58.62,29640,56.72,48.04,0.379,39.57,32.12,52.47,41.64,52.35,58.62,44.28,Kurang Potensial,Low,-3.06,-2.61,0,2026,Internal dummy + BPS-like + OSM/POI proxy + mobility proxy,Kurang Potensial,Market share protection
AREA_SBY_013,H3_SBY_013,Surabaya,Jawa Timur,Wonokromo,Darmo,-7.275756,112.767357,67,37,11,0.5522,0.1642,2.43,139.94,17166970.0,0.194,0.4478,1.6,1.66,12.6,83.24,49731,19996.76,13319,0.672,79.76,83.46,0.00135,2,0,0,2,0,0,18.17,2,1.01,0.8,76.08,75569,71.06,59.81,0.492,64.48,41.57,67.04,51.8,73.22,76.08,60.55,Sangat Strategis,Medium,0.15,4.02,1,2026,Internal dummy + BPS-like + OSM/POI proxy + mobility proxy,Cukup Potensial,Market share protection
AREA_SBY_014,H3_SBY_014,Surabaya,Jawa Timur,Gubeng,Airlangga,-7.286902,112.748987,17,10,4,0.5882,0.2353,1.74,146.18,14670738.0,0.2353,0.4118,2.86,2.81,11.0,87.63,24536,20667.48,5932,0.687,80.36,59.98,0.00069,7,1,0,5,0,0,59.76,2,1.06,0.8,75.87,22758,82.72,63.41,0.6,29.07,43.81,52.8,62.88,74.77,75.87,53.25,Strategis,Low,6.08,-5.26,1,2026,Internal dummy + BPS-like + OSM/POI proxy + mobility proxy,Cukup Potensial,New customer acquisition
AREA_SBY_015,H3_SBY_015,Surabaya,Jawa Timur,Sukolilo,Gebang Putih,-7.281809,112.791772,38,27,5,0.7105,0.1316,3.23,86.79,15421958.0,0.2895,0.2895,1.4,1.6,12.1,78.68,52974,9691.49,14905,0.647,68.85,63.26,0.00072,2,0,0,1,1,0,21.36,1,0.46,0.4,58.37,44590,67.49,57.26,0.503,49.49,16.15,57.18,36.5,73.01,58.37,47.12,Cukup Potensial,Low,-10,-4.74,0,2026,Internal dummy + BPS-like + OSM/POI proxy + mobility proxy,Kurang Potensial,Market share protection
AREA_SBY_016,H3_SBY_016,Surabaya,Jawa Timur,Rungkut,Medokan Ayu,-7.309929,112.784716,48,32,7,0.6667,0.1458,1.84,112.12,16009188.0,0.375,0.3333,4.01,4.04,13.9,80.03,42756,9474.57,13445,0.709,71.44,76.56,0.00112,10,1,0,3,3,0,73.37,0,0.82,0.0,36.87,39961,60.16,89.54,0.48,57.35,31.21,51.43,53.8,71.22,36.87,52.65,Strategis,Low,-4.8,-1.98,1,2026,Internal dummy + BPS-like + OSM/POI proxy + mobility proxy,Cukup Potensial,New customer acquisition
AREA_SBY_017,H3_SBY_017,Surabaya,Jawa Timur,Rungkut,Kalirungkut,-7.315174,112.779585,57,36,9,0.6316,0.1579,2.78,117.37,15622239.0,0.2982,0.3684,4.58,4.67,14.6,65.73,52964,11911.12,14068,0.613,86.18,70.95,0.00108,4,0,0,1,2,0,28.61,0,1.5,0.0,34.04,87023,62.96,50.69,0.815,61.48,36.84,51.39,52.57,62.3,34.04,52.53,Strategis,Low,1.99,-1.54,1,2026,Internal dummy + BPS-like + OSM/POI proxy + mobility proxy,Cukup Potensial,New customer acquisition
AREA_SBY_018,H3_SBY_018,Surabaya,Jawa Timur,Wiyung,Jajar Tunggal,-7.339133,112.688584,31,24,6,0.7742,0.1935,2.82,116.13,18231457.0,0.3226,0.2258,2.98,3.13,17.8,52.08,38384,18139.55,11118,0.613,59.08,47.15,0.00081,1,0,0,1,0,0,18.13,0,7.86,0.0,7.51,77054,72.67,70.04,0.868,46.84,22.17,38.01,50.3,53.4,7.51,41.21,Kurang Potensial,Low,-10,-4.82,0,2026,Internal dummy + BPS-like + OSM/POI proxy + mobility proxy,Kurang Potensial,New customer acquisition
AREA_SBY_019,H3_SBY_019,Surabaya,Jawa Timur,Sukolilo,Gebang Putih,-7.279821,112.805781,29,17,6,0.5862,0.2069,2.02,151.93,14311489.0,0.3103,0.4138,2.73,2.83,18.6,56.89,41670,19000.35,11418,0.685,75.82,57.09,0.0007,2,0,0,2,0,0,15.34,0,1.53,0.0,33.91,106796,69.53,45.09,0.843,39.46,44.9,41.18,54.63,55.28,33.91,46.39,Cukup Potensial,Low,-2.02,-1.75,0,2026,Internal dummy + BPS-like + OSM/POI proxy + mobility proxy,Kurang Potensial,New customer acquisition
AREA_SBY_020,H3_SBY_020,Surabaya,Jawa Timur,Gubeng,Gubeng,-7.268377,112.769626,70,43,12,0.6143,0.1714,2.94,119.81,14413718.0,0.2143,0.3857,1.48,1.49,13.1,52.04,53044,19672.37,12661,0.733,68.58,84.44,0.00132,3,0,0,0,1,1,29.64,1,0.39,0.4,58.67,51485,45.32,43.25,0.395,68.98,31.73,63.55,52.17,60.15,58.67,56.33,Sangat Strategis,Low,1.45,3.06,1,2026,Internal dummy + BPS-like + OSM/POI proxy + mobility proxy,Cukup Potensial,Market share protection
AREA_SBY_021,H3_SBY_021,Surabaya,Jawa Timur,Tegalsari,Tegalsari,-7.266432,112.739432,41,22,6,0.5366,0.1463,1.79,122.76,14923933.0,0.1951,0.4634,0.49,0.81,7.7,61.67,37942,13478.41,10038,0.687,72.74,67.71,0.00108,3,2,0,1,0,0,23.26,1,0.74,0.4,57.21,34443,45.59,66.77,0.643,44.63,36.69,51.22,45.72,68.72,57.21,49.51,Cukup Potensial,Low,5.62,-3.1,0,2026,Internal dummy + BPS-like + OSM/POI proxy + mobility proxy,Kurang Potensial,Market share protection
AREA_SBY_022,H3_SBY_022,Surabaya,Jawa Timur,Sukolilo,Menur Pumpungan,-7.264147,112.799363,24,18,2,0.75,0.0833,2.76,92.46,12994254.0,0.2917,0.25,2.23,2.15,12.9,94.53,37109,18674.01,9049,0.597,49.33,52.0,0.00065,7,1,0,4,0,0,45.98,0,1.71,0.0,33.16,41696,58.37,58.81,0.465,40.27,14.81,44.51,48.81,77.24,33.16,44.77,Kurang Potensial,Low,-1.71,-6.46,0,2026,Internal dummy + BPS-like + OSM/POI proxy + mobility proxy,Kurang Potensial,New customer acquisition
AREA_SBY_023,H3_SBY_023,Surabaya,Jawa Timur,Tandes,Manukan Kulon,-7.258663,112.688283,26,21,3,0.8077,0.1154,3.34,85.08,16593414.0,0.4231,0.1923,2.34,2.4,9.7,59.91,30400,12599.7,7579,0.593,89.63,75.55,0.00086,3,0,2,0,0,0,25.74,0,1.06,0.0,35.87,22065,68.8,73.2,0.369,46.13,9.56,49.16,41.06,63.97,35.87,42.23,Kurang Potensial,Low,-8.11,0.06,0,2026,Internal dummy + BPS-like + OSM/POI proxy + mobility proxy,Kurang Potensial,Market share protection
AREA_SBY_024,H3_SBY_024,Surabaya,Jawa Timur,Tegalsari,Keputran,-7.278801,112.741011,33,20,4,0.6061,0.1212,2.58,120.94,15761089.0,0.2727,0.3939,1.87,1.75,11.2,60.98,41541,20727.95,9958,0.723,86.36,55.8,0.00079,7,1,0,3,1,0,47.6,1,0.66,0.4,57.54,94269,58.55,90.45,0.891,42.29,32.48,51.75,66.65,65.12,57.54,52.43,Strategis,Medium,-2.18,-1.4,1,2026,Internal dummy + BPS-like + OSM/POI proxy + mobility proxy,Cukup Potensial,New customer acquisition
AREA_SBY_025,H3_SBY_025,Surabaya,Jawa Timur,Sukolilo,Keputih,-7.273539,112.787864,35,25,5,0.7143,0.1429,2.69,113.09,12424389.0,0.3429,0.2857,0.67,0.96,8.5,85.59,28877,20145.2,8380,0.734,71.42,80.36,0.00121,5,1,0,2,0,1,37.63,0,0.66,0.0,37.54,40080,53.12,49.43,0.778,48.44,20.56,48.9,66.89,78.64,37.54,52.71,Strategis,Low,-3.82,-5.52,1,2026,Internal dummy + BPS-like + OSM/POI proxy + mobility proxy,Cukup Potensial,New customer acquisition
AREA_SBY_026,H3_SBY_026,Surabaya,Jawa Timur,Tandes,Tandes,-7.256624,112.672579,54,36,9,0.6667,0.1667,2.64,114.2,19110883.0,0.2778,0.3333,4.08,4.06,17.7,68.08,47759,17876.94,12031,0.69,48.53,80.04,0.00113,1,0,0,0,1,0,9.82,0,1.36,0.0,34.62,36744,48.8,71.31,0.558,59.89,32.05,51.64,49.04,60.44,34.62,50.39,Cukup Potensial,Low,1.03,-1.52,0,2026,Internal dummy + BPS-like + OSM/POI proxy + mobility proxy,Cukup Potensial,Market share protection
AREA_SBY_027,H3_SBY_027,Surabaya,Jawa Timur,Tandes,Manukan Kulon,-7.239536,112.68393,17,11,1,0.6471,0.0588,2.55,99.0,13157451.0,0.2941,0.3529,3.83,3.81,21.7,53.66,31956,18402.58,8887,0.617,69.89,62.65,0.00053,3,0,0,1,1,0,21.85,0,0.5,0.0,38.21,33373,83.61,52.72,0.461,32.01,27.96,40.91,46.58,51.2,38.21,39.74,Kurang Potensial,Low,-2.59,-3.13,0,2026,Internal dummy + BPS-like + OSM/POI proxy + mobility proxy,Kurang Potensial,New customer acquisition
AREA_SBY_028,H3_SBY_028,Surabaya,Jawa Timur,Tegalsari,Tegalsari,-7.259957,112.744424,34,26,3,0.7647,0.0882,2.12,89.59,13783831.0,0.1765,0.2353,0.33,0.52,3.4,72.23,48686,16606.81,12440,0.631,49.79,45.24,0.0007,5,1,0,2,0,0,34.34,0,1.48,0.0,34.12,47695,51.63,46.24,0.535,45.87,9.34,47.52,42.05,76.98,34.12,44.18,Kurang Potensial,Low,-3.87,-4.6,0,2026,Internal dummy + BPS-like + OSM/POI proxy + mobility proxy,Kurang Potensial,Market share protection
AREA_SBY_029,H3_SBY_029,Surabaya,Jawa Timur,Tandes,Manukan Kulon,-7.245857,112.689143,15,9,1,0.6,0.0667,2.78,86.4,16742678.0,0.2667,0.4,2.93,2.97,12.7,91.89,26049,16163.09,6573,0.718,45.56,64.45,0.00058,3,2,0,1,0,0,29.57,2,0.61,0.8,77.75,55321,94.64,49.56,0.818,28.56,27.05,53.54,58.57,75.29,77.75,49.82,Cukup Potensial,Low,-1.79,1.52,0,2026,Internal dummy + BPS-like + OSM/POI proxy + mobility proxy,Kurang Potensial,New customer acquisition
AREA_SBY_030,H3_SBY_030,Surabaya,Jawa Timur,Tandes,Tandes,-7.245398,112.694309,35,26,3,0.7429,0.0857,2.44,95.8,12599983.0,0.2286,0.2571,2.57,2.57,17.8,62.58,39158,10751.22,11924,0.624,58.49,81.79,0.00089,3,1,0,0,1,0,33.39,0,0.66,0.0,37.54,67692,69.79,72.0,0.567,47.01,17.14,48.87,50.2,59.86,37.54,44.98,Kurang Potensial,Low,-9.94,-8,0,2026,Internal dummy + BPS-like + OSM/POI proxy + mobility proxy,Kurang Potensial,New customer acquisition
